"Number","Kanal 5 Letzte (C)","Kanal 1 Letzte (mV)"
"1","1,578","5,613"
"2","1,571","5,608"
"3","1,562","5,602"
"4","1,560","5,597"
"5","1,546","5,592"
"6","1,555","5,587"
"7","1,548","5,582"
"8","1,536","5,578"
"9","1,545","5,573"
"10","1,540","5,568"
"11","1,539","5,564"
"12","1,532","5,559"
"13","1,528","5,554"
"14","1,521","5,550"
"15","1,522","5,545"
"16","1,513","5,540"
"17","1,511","5,536"
"18","1,504","5,532"
"19","1,506","5,527"
"20","1,499","5,523"
"21","1,498","5,519"
"22","1,500","5,514"
"23","1,499","5,510"
"24","1,499","5,505"
"25","1,486","5,501"
"26","1,485","5,497"
"27","1,485","5,492"
"28","1,484","5,488"
"29","1,482","5,483"
"30","1,479","5,479"
"31","1,481","5,474"
"32","1,481","5,471"
"33","1,476","5,466"
"34","1,478","5,461"
"35","1,469","5,457"
"36","1,466","5,452"
"37","1,465","5,448"
"38","1,465","5,444"
"39","1,445","5,440"
"40","1,456","5,435"
"41","1,459","5,431"
"42","1,465","5,427"
"43","1,469","5,423"
"44","1,465","5,419"
"45","1,466","5,415"
"46","1,445","5,411"
"47","1,438","5,407"
"48","1,437","5,403"
"49","1,439","5,399"
"50","1,441","5,395"
"51","1,453","5,391"
"52","1,455","5,387"
"53","1,452","5,383"
"54","1,454","5,379"
"55","1,460","5,375"
"56","1,463","5,372"
"57","1,463","5,368"
"58","1,463","5,363"
"59","1,467","5,360"
"60","1,461","5,356"
"61","1,466","5,352"
"62","1,465","5,349"
"63","1,469","5,345"
"64","1,464","5,341"
"65","1,464","5,338"
"66","1,459","5,334"
"67","1,463","5,330"
"68","1,460","5,327"
"69","1,464","5,323"
"70","1,470","5,319"
"71","1,466","5,316"
"72","1,454","5,312"
"73","1,460","5,308"
"74","1,451","5,305"
"75","1,459","5,301"
"76","1,455","5,298"
"77","1,456","5,294"
"78","1,460","5,291"
"79","1,451","5,287"
"80","1,451","5,284"
"81","1,450","5,280"
"82","1,446","5,277"
"83","1,452","5,273"
"84","1,447","5,270"
"85","1,442","5,266"
"86","1,446","5,263"
"87","1,441","5,259"
"88","1,449","5,256"
"89","1,445","5,253"
"90","1,442","5,249"
"91","1,444","5,246"
"92","1,444","5,243"
"93","1,443","5,239"
"94","1,440","5,235"
"95","1,438","5,232"
"96","1,440","5,229"
"97","1,442","5,225"
"98","1,450","5,222"
"99","1,445","5,219"
"100","1,451","5,215"
"101","1,455","5,212"
"102","1,465","5,209"
"103","1,469","5,205"
"104","1,475","5,202"
"105","1,481","5,199"
"106","1,479","5,196"
"107","1,485","5,193"
"108","1,493","5,189"
"109","1,488","5,186"
"110","1,494","5,183"
"111","1,494","5,180"
"112","1,487","5,176"
"113","1,491","5,173"
"114","1,495","5,170"
"115","1,490","5,167"
"116","1,496","5,164"
"117","1,496","5,161"
"118","1,493","5,157"
"119","1,489","5,154"
"120","1,482","5,151"
"121","1,484","5,148"
"122","1,483","5,145"
"123","1,491","5,142"
"124","1,489","5,139"
"125","1,484","5,136"
"126","1,484","5,133"
"127","1,490","5,130"
"128","1,479","5,126"
"129","1,485","5,123"
"130","1,485","5,121"
"131","1,480","5,118"
"132","1,479","5,114"
"133","1,483","5,111"
"134","1,472","5,108"
"135","1,465","5,105"
"136","1,457","5,102"
"137","1,461","5,099"
"138","1,462","5,096"
"139","1,453","5,093"
"140","1,457","5,090"
"141","1,459","5,087"
"142","1,459","5,084"
"143","1,461","5,081"
"144","1,460","5,078"
"145","1,445","5,075"
"146","1,447","5,072"
"147","1,442","5,069"
"148","1,438","5,065"
"149","1,439","5,063"
"150","1,432","5,060"
"151","1,441","5,057"
"152","1,430","5,054"
"153","1,421","5,051"
"154","1,429","5,048"
"155","1,429","5,045"
"156","1,422","5,042"
"157","1,419","5,039"
"158","1,424","5,036"
"159","1,415","5,033"
"160","1,429","5,030"
"161","1,418","5,027"
"162","1,416","5,024"
"163","1,422","5,021"
"164","1,421","5,019"
"165","1,421","5,015"
"166","1,404","5,012"
"167","1,406","5,010"
"168","1,399","5,006"
"169","1,397","5,003"
"170","1,413","5,001"
"171","1,408","4,998"
"172","1,400","4,995"
"173","1,397","4,992"
"174","1,390","4,989"
"175","1,390","4,986"
"176","1,387","4,983"
"177","1,387","4,981"
"178","1,395","4,978"
"179","1,389","4,975"
"180","1,395","4,972"
"181","1,394","4,969"
"182","1,399","4,967"
"183","1,400","4,964"
"184","1,392","4,961"
"185","1,395","4,958"
"186","1,393","4,956"
"187","1,401","4,953"
"188","1,390","4,950"
"189","1,386","4,947"
"190","1,392","4,944"
"191","1,391","4,942"
"192","1,391","4,939"
"193","1,391","4,936"
"194","1,384","4,933"
"195","1,377","4,930"
"196","1,370","4,927"
"197","1,377","4,925"
"198","1,374","4,922"
"199","1,382","4,920"
"200","1,388","4,917"
"201","1,382","4,914"
"202","1,384","4,911"
"203","1,387","4,909"
"204","1,379","4,906"
"205","1,385","4,903"
"206","1,378","4,900"
"207","1,388","4,898"
"208","1,378","4,895"
"209","1,375","4,892"
"210","1,377","4,890"
"211","1,385","4,887"
"212","1,372","4,884"
"213","1,382","4,882"
"214","1,375","4,879"
"215","1,382","4,876"
"216","1,386","4,873"
"217","1,375","4,871"
"218","1,370","4,868"
"219","1,372","4,865"
"220","1,382","4,862"
"221","1,382","4,860"
"222","1,380","4,857"
"223","1,369","4,854"
"224","1,379","4,852"
"225","1,389","4,849"
"226","1,377","4,846"
"227","1,385","4,844"
"228","1,386","4,842"
"229","1,391","4,839"
"230","1,394","4,837"
"231","1,394","4,834"
"232","1,400","4,831"
"233","1,404","4,829"
"234","1,398","4,826"
"235","1,397","4,823"
"236","1,401","4,821"
"237","1,391","4,818"
"238","1,399","4,815"
"239","1,407","4,813"
"240","1,403","4,810"
"241","1,404","4,807"
"242","1,402","4,805"
"243","1,404","4,803"
"244","1,408","4,800"
"245","1,403","4,797"
"246","1,409","4,795"
"247","1,409","4,792"
"248","1,400","4,789"
"249","1,394","4,786"
"250","1,391","4,783"
"251","1,398","4,781"
"252","1,402","4,779"
"253","1,393","4,776"
"254","1,395","4,773"
"255","1,407","4,771"
"256","1,411","4,768"
"257","1,405","4,766"
"258","1,404","4,763"
"259","1,413","4,761"
"260","1,406","4,758"
"261","1,405","4,756"
"262","1,412","4,753"
"263","1,414","4,751"
"264","1,413","4,748"
"265","1,405","4,745"
"266","1,413","4,743"
"267","1,395","4,740"
"268","1,410","4,738"
"269","1,406","4,735"
"270","1,403","4,732"
"271","1,407","4,730"
"272","1,399","4,727"
"273","1,403","4,725"
"274","1,398","4,722"
"275","1,391","4,720"
"276","1,393","4,717"
"277","1,393","4,714"
"278","1,397","4,712"
"279","1,386","4,709"
"280","1,384","4,706"
"281","1,386","4,704"
"282","1,398","4,702"
"283","1,400","4,699"
"284","1,396","4,697"
"285","1,402","4,694"
"286","1,403","4,692"
"287","1,403","4,690"
"288","1,407","4,687"
"289","1,399","4,684"
"290","1,396","4,682"
"291","1,396","4,680"
"292","1,404","4,677"
"293","1,393","4,674"
"294","1,400","4,672"
"295","1,395","4,669"
"296","1,397","4,667"
"297","1,397","4,664"
"298","1,390","4,662"
"299","1,398","4,659"
"300","1,402","4,657"
"301","1,404","4,654"
"302","1,408","4,652"
"303","1,406","4,650"
"304","1,404","4,647"
"305","1,414","4,645"
"306","1,418","4,643"
"307","1,420","4,640"
"308","1,413","4,638"
"309","1,411","4,635"
"310","1,413","4,633"
"311","1,402","4,630"
"312","1,408","4,628"
"313","1,405","4,625"
"314","1,412","4,623"
"315","1,413","4,621"
"316","1,426","4,618"
"317","1,413","4,616"
"318","1,409","4,613"
"319","1,417","4,611"
"320","1,414","4,608"
"321","1,421","4,606"
"322","1,414","4,603"
"323","1,416","4,601"
"324","1,418","4,599"
"325","1,430","4,597"
"326","1,430","4,594"
"327","1,430","4,592"
"328","1,421","4,589"
"329","1,428","4,587"
"330","1,412","4,584"
"331","1,416","4,581"
"332","1,416","4,579"
"333","1,420","4,577"
"334","1,422","4,575"
"335","1,426","4,572"
"336","1,436","4,570"
"337","1,430","4,568"
"338","1,440","4,566"
"339","1,444","4,563"
"340","1,434","4,561"
"341","1,429","4,558"
"342","1,437","4,556"
"343","1,433","4,553"
"344","1,431","4,551"
"345","1,434","4,549"
"346","1,439","4,546"
"347","1,443","4,544"
"348","1,449","4,542"
"349","1,447","4,539"
"350","1,453","4,537"
"351","1,457","4,535"
"352","1,450","4,532"
"353","1,452","4,530"
"354","1,465","4,528"
"355","1,464","4,525"
"356","1,456","4,523"
"357","1,466","4,521"
"358","1,462","4,518"
"359","1,457","4,516"
"360","1,455","4,514"
"361","1,455","4,511"
"362","1,461","4,509"
"363","1,460","4,506"
"364","1,460","4,504"
"365","1,458","4,502"
"366","1,460","4,500"
"367","1,466","4,497"
"368","1,466","4,495"
"369","1,468","4,493"
"370","1,472","4,490"
"371","1,472","4,488"
"372","1,476","4,486"
"373","1,478","4,484"
"374","1,479","4,482"
"375","1,477","4,479"
"376","1,477","4,477"
"377","1,474","4,475"
"378","1,485","4,473"
"379","1,491","4,470"
"380","1,493","4,468"
"381","1,501","4,466"
"382","1,508","4,464"
"383","1,503","4,462"
"384","1,497","4,459"
"385","1,501","4,457"
"386","1,494","4,455"
"387","1,487","4,452"
"388","1,485","4,450"
"389","1,489","4,448"
"390","1,495","4,445"
"391","1,499","4,443"
"392","1,501","4,442"
"393","1,507","4,439"
"394","1,503","4,437"
"395","1,509","4,435"
"396","1,504","4,432"
"397","1,504","4,430"
"398","1,495","4,427"
"399","1,504","4,425"
"400","1,501","4,423"
"401","1,510","4,421"
"402","1,512","4,419"
"403","1,507","4,416"
"404","1,502","4,414"
"405","1,498","4,412"
"406","1,502","4,409"
"407","1,511","4,408"
"408","1,502","4,405"
"409","1,504","4,403"
"410","1,508","4,401"
"411","1,503","4,398"
"412","1,501","4,396"
"413","1,511","4,394"
"414","1,515","4,392"
"415","1,511","4,390"
"416","1,506","4,387"
"417","1,508","4,385"
"418","1,504","4,382"
"419","1,506","4,380"
"420","1,505","4,378"
"421","1,508","4,376"
"422","1,509","4,373"
"423","1,505","4,371"
"424","1,511","4,369"
"425","1,515","4,367"
"426","1,506","4,364"
"427","1,504","4,362"
"428","1,513","4,360"
"429","1,514","4,358"
"430","1,520","4,356"
"431","1,525","4,354"
"432","1,522","4,351"
"433","1,520","4,349"
"434","1,513","4,347"
"435","1,522","4,345"
"436","1,523","4,342"
"437","1,527","4,340"
"438","1,515","4,338"
"439","1,516","4,335"
"440","1,516","4,333"
"441","1,527","4,331"
"442","1,531","4,329"
"443","1,522","4,327"
"444","1,528","4,325"
"445","1,528","4,322"
"446","1,524","4,320"
"447","1,521","4,318"
"448","1,530","4,316"
"449","1,533","4,314"
"450","1,533","4,312"
"451","1,535","4,310"
"452","1,537","4,308"
"453","1,541","4,305"
"454","1,537","4,303"
"455","1,534","4,301"
"456","1,538","4,299"
"457","1,540","4,296"
"458","1,542","4,295"
"459","1,538","4,293"
"460","1,542","4,290"
"461","1,541","4,288"
"462","1,535","4,286"
"463","1,537","4,283"
"464","1,541","4,282"
"465","1,543","4,279"
"466","1,542","4,277"
"467","1,545","4,275"
"468","1,540","4,273"
"469","1,553","4,271"
"470","1,552","4,269"
"471","1,556","4,267"
"472","1,554","4,264"
"473","1,550","4,262"
"474","1,541","4,260"
"475","1,545","4,258"
"476","1,551","4,256"
"477","1,549","4,254"
"478","1,553","4,251"
"479","1,559","4,250"
"480","1,554","4,247"
"481","1,560","4,245"
"482","1,567","4,243"
"483","1,566","4,241"
"484","1,562","4,239"
"485","1,562","4,237"
"486","1,566","4,235"
"487","1,561","4,232"
"488","1,576","4,231"
"489","1,578","4,229"
"490","1,569","4,226"
"491","1,569","4,225"
"492","1,575","4,222"
"493","1,571","4,220"
"494","1,562","4,217"
"495","1,556","4,215"
"496","1,562","4,213"
"497","1,557","4,211"
"498","1,553","4,208"
"499","1,554","4,206"
"500","1,556","4,204"
"501","1,562","4,202"
"502","1,565","4,200"
"503","1,569","4,198"
"504","1,581","4,196"
"505","1,579","4,194"
"506","1,572","4,192"
"507","1,578","4,190"
"508","1,572","4,188"
"509","1,571","4,185"
"510","1,578","4,184"
"511","1,573","4,181"
"512","1,586","4,179"
"513","1,586","4,177"
"514","1,588","4,175"
"515","1,587","4,173"
"516","1,591","4,171"
"517","1,578","4,169"
"518","1,580","4,166"
"519","1,580","4,164"
"520","1,584","4,162"
"521","1,586","4,160"
"522","1,584","4,158"
"523","1,575","4,155"
"524","1,579","4,154"
"525","1,570","4,151"
"526","1,581","4,149"
"527","1,583","4,147"
"528","1,585","4,145"
"529","1,587","4,143"
"530","1,590","4,141"
"531","1,594","4,139"
"532","1,594","4,137"
"533","1,588","4,135"
"534","1,590","4,132"
"535","1,594","4,130"
"536","1,589","4,128"
"537","1,583","4,126"
"538","1,585","4,124"
"539","1,589","4,122"
"540","1,591","4,120"
"541","1,597","4,117"
"542","1,601","4,116"
"543","1,603","4,114"
"544","1,602","4,111"
"545","1,606","4,110"
"546","1,604","4,107"
"547","1,600","4,105"
"548","1,593","4,103"
"549","1,601","4,101"
"550","1,593","4,098"
"551","1,603","4,097"
"552","1,601","4,094"
"553","1,603","4,092"
"554","1,598","4,091"
"555","1,606","4,089"
"556","1,606","4,086"
"557","1,612","4,084"
"558","1,614","4,082"
"559","1,610","4,080"
"560","1,614","4,078"
"561","1,618","4,076"
"562","1,624","4,074"
"563","1,622","4,073"
"564","1,622","4,070"
"565","1,621","4,068"
"566","1,625","4,066"
"567","1,619","4,063"
"568","1,610","4,061"
"569","1,612","4,059"
"570","1,605","4,057"
"571","1,622","4,055"
"572","1,616","4,053"
"573","1,620","4,051"
"574","1,619","4,049"
"575","1,621","4,047"
"576","1,606","4,044"
"577","1,616","4,043"
"578","1,620","4,041"
"579","1,618","4,039"
"580","1,622","4,037"
"581","1,624","4,035"
"582","1,626","4,032"
"583","1,623","4,030"
"584","1,623","4,028"
"585","1,619","4,026"
"586","1,629","4,024"
"587","1,631","4,022"
"588","1,635","4,020"
"589","1,627","4,018"
"590","1,631","4,016"
"591","1,628","4,014"
"592","1,628","4,012"
"593","1,626","4,010"
"594","1,621","4,007"
"595","1,627","4,005"
"596","1,636","4,004"
"597","1,640","4,002"
"598","1,637","4,000"
"599","1,646","3,998"
"600","1,641","3,996"
"601","1,643","3,993"
"602","1,643","3,991"
"603","1,634","3,989"
"604","1,638","3,987"
"605","1,644","3,985"
"606","1,650","3,983"
"607","1,640","3,981"
"608","1,633","3,979"
"609","1,654","3,977"
"610","1,650","3,975"
"611","1,658","3,973"
"612","1,654","3,971"
"613","1,664","3,969"
"614","1,647","3,967"
"615","1,655","3,965"
"616","1,661","3,963"
"617","1,661","3,961"
"618","1,656","3,958"
"619","1,654","3,956"
"620","1,652","3,955"
"621","1,653","3,952"
"622","1,655","3,950"
"623","1,659","3,949"
"624","1,657","3,946"
"625","1,659","3,944"
"626","1,652","3,942"
"627","1,665","3,940"
"628","1,656","3,938"
"629","1,654","3,936"
"630","1,650","3,934"
"631","1,656","3,932"
"632","1,655","3,930"
"633","1,655","3,927"
"634","1,640","3,925"
"635","1,646","3,923"
"636","1,655","3,922"
"637","1,663","3,919"
"638","1,658","3,917"
"639","1,667","3,916"
"640","1,668","3,914"
"641","1,670","3,912"
"642","1,664","3,910"
"643","1,664","3,908"
"644","1,665","3,906"
"645","1,669","3,904"
"646","1,656","3,901"
"647","1,661","3,899"
"648","1,666","3,897"
"649","1,656","3,895"
"650","1,660","3,893"
"651","1,670","3,891"
"652","1,676","3,889"
"653","1,670","3,887"
"654","1,678","3,885"
"655","1,656","3,883"
"656","1,982","3,882"
"657","2,347","3,880"
"658","2,403","3,877"
"659","2,385","3,873"
"660","2,374","3,870"
"661","2,349","3,867"
"662","2,338","3,865"
"663","2,325","3,863"
"664","2,301","3,861"
"665","1,973","3,859"
"666","1,643","3,857"
"667","1,277","3,850"
"668","1,056","3,845"
"669","0,942","3,839"
"670","0,936","3,834"
"671","0,940","3,829"
"672","0,950","3,824"
"673","0,959","3,820"
"674","0,969","3,817"
"675","0,976","3,814"
"676","0,994","3,812"
"677","0,998","3,810"
"678","1,007","3,807"
"679","1,019","3,805"
"680","1,019","3,803"
"681","1,027","3,801"
"682","1,047","3,799"
"683","1,055","3,796"
"684","1,065","3,794"
"685","1,085","3,792"
"686","1,091","3,790"
"687","1,103","3,788"
"688","1,110","3,786"
"689","1,122","3,784"
"690","1,130","3,782"
"691","1,134","3,780"
"692","1,134","3,777"
"693","1,145","3,775"
"694","1,147","3,773"
"695","1,146","3,771"
"696","1,157","3,769"
"697","1,161","3,767"
"698","1,167","3,765"
"699","1,173","3,762"
"700","1,169","3,761"
"701","1,184","3,759"
"702","1,196","3,757"
"703","1,202","3,755"
"704","1,207","3,753"
"705","1,204","3,751"
"706","1,206","3,748"
"707","1,216","3,747"
"708","1,216","3,745"
"709","1,223","3,743"
"710","1,218","3,741"
"711","1,228","3,738"
"712","1,224","3,736"
"713","1,237","3,735"
"714","1,243","3,733"
"715","1,247","3,731"
"716","1,249","3,729"
"717","1,252","3,727"
"718","1,254","3,725"
"719","1,256","3,723"
"720","1,267","3,721"
"721","1,269","3,719"
"722","1,275","3,717"
"723","1,271","3,715"
"724","1,283","3,713"
"725","1,287","3,712"
"726","1,287","3,709"
"727","1,288","3,707"
"728","1,289","3,705"
"729","1,295","3,703"
"730","1,311","3,702"
"731","1,313","3,700"
"732","1,319","3,698"
"733","1,315","3,696"
"734","1,325","3,694"
"735","1,319","3,692"
"736","1,317","3,690"
"737","1,325","3,688"
"738","1,316","3,686"
"739","1,320","3,684"
"740","1,326","3,682"
"741","1,328","3,680"
"742","1,324","3,678"
"743","1,326","3,676"
"744","1,336","3,674"
"745","1,334","3,672"
"746","1,334","3,670"
"747","1,337","3,668"
"748","1,348","3,666"
"749","1,346","3,664"
"750","1,345","3,662"
"751","1,341","3,660"
"752","1,345","3,658"
"753","1,342","3,656"
"754","1,346","3,654"
"755","1,349","3,652"
"756","1,357","3,650"
"757","1,357","3,648"
"758","1,363","3,647"
"759","1,373","3,645"
"760","1,369","3,643"
"761","1,375","3,641"
"762","1,377","3,639"
"763","1,372","3,637"
"764","1,382","3,635"
"765","1,382","3,633"
"766","1,388","3,631"
"767","1,384","3,629"
"768","1,386","3,627"
"769","1,400","3,626"
"770","1,396","3,624"
"771","1,398","3,621"
"772","1,391","3,619"
"773","1,393","3,618"
"774","1,399","3,616"
"775","1,405","3,614"
"776","1,407","3,612"
"777","1,399","3,610"
"778","1,407","3,608"
"779","1,405","3,606"
"780","1,407","3,604"
"781","1,406","3,602"
"782","1,410","3,600"
"783","1,412","3,598"
"784","1,423","3,596"
"785","1,427","3,595"
"786","1,424","3,592"
"787","1,407","3,590"
"788","1,413","3,588"
"789","1,417","3,587"
"790","1,419","3,588"
"791","1,410","3,588"
"792","1,173","3,589"
"793","1,172","3,585"
"794","1,095","3,581"
"795","0,994","3,580"
"796","0,848","3,575"
"797","0,795","3,572"
"798","0,777","3,568"
"799","0,766","3,565"
"800","0,758","3,564"
"801","0,744","3,561"
"802","0,740","3,559"
"803","0,731","3,557"
"804","0,733","3,555"
"805","0,724","3,553"
"806","0,731","3,551"
"807","0,722","3,549"
"808","0,704","3,547"
"809","0,717","3,546"
"810","0,678","3,544"
"811","0,605","3,539"
"812","0,616","3,534"
"813","0,637","3,530"
"814","0,643","3,526"
"815","0,647","3,523"
"816","0,630","3,519"
"817","0,625","3,516"
"818","0,612","3,513"
"819","0,612","3,510"
"820","0,616","3,507"
"821","0,621","3,505"
"822","0,620","3,502"
"823","0,614","3,500"
"824","0,616","3,498"
"825","0,613","3,495"
"826","0,609","3,493"
"827","0,617","3,491"
"828","0,629","3,489"
"829","0,629","3,487"
"830","0,629","3,486"
"831","0,633","3,484"
"832","0,625","3,481"
"833","0,590","3,479"
"834","0,524","3,477"
"835","0,487","3,476"
"836","0,472","3,474"
"837","0,484","3,471"
"838","0,484","3,468"
"839","0,486","3,465"
"840","0,480","3,462"
"841","0,454","3,459"
"842","0,440","3,457"
"843","0,436","3,454"
"844","0,415","3,452"
"845","0,417","3,450"
"846","0,422","3,447"
"847","0,418","3,445"
"848","0,405","3,443"
"849","0,396","3,441"
"850","0,403","3,439"
"851","0,390","3,436"
"852","0,381","3,434"
"853","0,374","3,433"
"854","0,376","3,431"
"855","0,373","3,428"
"856","0,382","3,426"
"857","0,382","3,425"
"858","0,386","3,423"
"859","0,384","3,420"
"860","0,381","3,418"
"861","0,387","3,416"
"862","0,394","3,414"
"863","0,411","3,412"
"864","0,421","3,410"
"865","0,427","3,408"
"866","0,425","3,406"
"867","0,425","3,403"
"868","0,444","3,401"
"869","0,456","3,400"
"870","0,459","3,397"
"871","0,473","3,396"
"872","0,479","3,394"
"873","0,483","3,392"
"874","0,503","3,390"
"875","0,515","3,388"
"876","0,509","3,386"
"877","0,521","3,384"
"878","0,530","3,382"
"879","0,540","3,380"
"880","0,535","3,378"
"881","0,542","3,376"
"882","0,537","3,374"
"883","0,558","3,372"
"884","0,567","3,370"
"885","0,556","3,368"
"886","0,568","3,366"
"887","0,577","3,364"
"888","0,579","3,363"
"889","0,600","3,361"
"890","0,595","3,358"
"891","0,602","3,356"
"892","0,608","3,354"
"893","0,610","3,352"
"894","0,614","3,350"
"895","0,627","3,348"
"896","0,628","3,346"
"897","0,641","3,345"
"898","0,647","3,343"
"899","0,658","3,341"
"900","0,664","3,339"
"901","0,670","3,337"
"902","0,672","3,335"
"903","0,683","3,333"
"904","0,687","3,331"
"905","0,695","3,329"
"906","0,695","3,327"
"907","0,695","3,325"
"908","0,699","3,323"
"909","0,714","3,321"
"910","0,715","3,319"
"911","0,721","3,317"
"912","0,734","3,316"
"913","0,743","3,313"
"914","0,742","3,312"
"915","0,731","3,309"
"916","0,746","3,307"
"917","0,740","3,305"
"918","0,742","3,303"
"919","0,759","3,301"
"920","0,763","3,299"
"921","0,769","3,297"
"922","0,768","3,296"
"923","0,771","3,294"
"924","0,774","3,291"
"925","0,776","3,289"
"926","0,783","3,288"
"927","0,789","3,286"
"928","0,797","3,284"
"929","0,791","3,282"
"930","0,790","3,279"
"931","0,799","3,277"
"932","0,803","3,276"
"933","0,809","3,274"
"934","0,815","3,272"
"935","0,823","3,270"
"936","0,828","3,268"
"937","0,834","3,266"
"938","0,832","3,264"
"939","0,833","3,262"
"940","0,848","3,260"
"941","0,841","3,259"
"942","0,848","3,257"
"943","0,854","3,255"
"944","0,864","3,253"
"945","0,868","3,251"
"946","0,862","3,249"
"947","0,872","3,247"
"948","0,876","3,245"
"949","0,882","3,243"
"950","0,882","3,241"
"951","0,888","3,239"
"952","0,882","3,237"
"953","0,880","3,235"
"954","0,892","3,234"
"955","0,905","3,232"
"956","0,905","3,230"
"957","0,904","3,228"
"958","0,917","3,226"
"959","0,911","3,224"
"960","0,919","3,222"
"961","0,925","3,220"
"962","0,929","3,218"
"963","0,931","3,216"
"964","0,935","3,214"
"965","0,935","3,212"
"966","0,943","3,211"
"967","0,934","3,208"
"968","0,941","3,206"
"969","0,936","3,204"
"970","0,942","3,202"
"971","0,955","3,201"
"972","0,959","3,199"
"973","0,957","3,197"
"974","0,956","3,195"
"975","0,960","3,193"
"976","0,962","3,191"
"977","0,968","3,189"
"978","0,972","3,188"
"979","0,974","3,185"
"980","0,972","3,183"
"981","0,979","3,182"
"982","0,989","3,180"
"983","0,984","3,178"
"984","0,988","3,176"
"985","0,982","3,174"
"986","0,986","3,172"
"987","0,981","3,170"
"988","0,994","3,168"
"989","1,000","3,166"
"990","0,996","3,164"
"991","1,006","3,162"
"992","1,010","3,161"
"993","1,004","3,158"
"994","1,010","3,156"
"995","1,003","3,155"
"996","1,016","3,153"
"997","1,013","3,150"
"998","1,020","3,149"
"999","1,021","3,147"
"1000","1,017","3,144"
"1001","1,021","3,143"
"1002","1,025","3,141"
"1003","1,031","3,139"
"1004","1,031","3,137"
"1005","1,033","3,135"
"1006","1,048","3,133"
"1007","1,044","3,132"
"1008","1,045","3,129"
"1009","1,051","3,128"
"1010","1,053","3,126"
"1011","1,053","3,124"
"1012","1,053","3,122"
"1013","1,057","3,120"
"1014","1,053","3,118"
"1015","1,059","3,116"
"1016","1,063","3,114"
"1017","1,058","3,112"
"1018","1,071","3,110"
"1019","1,067","3,108"
"1020","1,066","3,106"
"1021","1,066","3,104"
"1022","1,077","3,102"
"1023","1,074","3,100"
"1024","1,076","3,098"
"1025","1,087","3,097"
"1026","1,078","3,095"
"1027","1,092","3,093"
"1028","1,103","3,091"
"1029","1,098","3,089"
"1030","1,092","3,087"
"1031","1,100","3,085"
"1032","1,094","3,083"
"1033","1,100","3,081"
"1034","1,110","3,080"
"1035","1,118","3,078"
"1036","1,106","3,076"
"1037","1,118","3,074"
"1038","1,114","3,072"
"1039","1,124","3,070"
"1040","1,122","3,068"
"1041","1,126","3,066"
"1042","1,123","3,064"
"1043","1,130","3,062"
"1044","1,123","3,060"
"1045","1,134","3,058"
"1046","1,133","3,057"
"1047","1,131","3,054"
"1048","1,142","3,053"
"1049","1,137","3,051"
"1050","1,147","3,049"
"1051","1,147","3,047"
"1052","1,139","3,045"
"1053","1,147","3,043"
"1054","1,144","3,041"
"1055","1,148","3,039"
"1056","1,155","3,037"
"1057","1,150","3,035"
"1058","1,161","3,034"
"1059","1,160","3,032"
"1060","1,160","3,029"
"1061","1,158","3,028"
"1062","1,168","3,026"
"1063","1,162","3,023"
"1064","1,155","3,022"
"1065","1,165","3,020"
"1066","1,174","3,018"
"1067","1,177","3,016"
"1068","1,181","3,015"
"1069","1,188","3,013"
"1070","1,192","3,011"
"1071","1,181","3,009"
"1072","1,187","3,007"
"1073","1,191","3,005"
"1074","1,193","3,003"
"1075","1,199","3,001"
"1076","1,195","2,999"
"1077","1,193","2,997"
"1078","1,195","2,995"
"1079","1,201","2,993"
"1080","1,205","2,991"
"1081","1,194","2,989"
"1082","1,208","2,988"
"1083","1,206","2,986"
"1084","1,219","2,984"
"1085","1,219","2,983"
"1086","1,210","2,980"
"1087","1,210","2,978"
"1088","1,216","2,977"
"1089","1,230","2,975"
"1090","1,222","2,972"
"1091","1,228","2,971"
"1092","1,234","2,969"
"1093","1,227","2,967"
"1094","1,225","2,965"
"1095","1,231","2,963"
"1096","1,233","2,961"
"1097","1,231","2,959"
"1098","1,243","2,958"
"1099","1,241","2,956"
"1100","1,247","2,954"
"1101","1,240","2,952"
"1102","1,246","2,950"
"1103","1,248","2,948"
"1104","1,252","2,946"
"1105","1,258","2,944"
"1106","1,254","2,943"
"1107","1,241","2,940"
"1108","1,245","2,938"
"1109","1,249","2,936"
"1110","1,249","2,934"
"1111","1,251","2,933"
"1112","1,251","2,931"
"1113","1,246","2,929"
"1114","1,256","2,927"
"1115","1,248","2,925"
"1116","1,258","2,923"
"1117","1,251","2,921"
"1118","1,253","2,919"
"1119","1,259","2,917"
"1120","1,263","2,915"
"1121","1,261","2,914"
"1122","1,267","2,912"
"1123","1,276","2,910"
"1124","1,276","2,908"
"1125","1,286","2,907"
"1126","1,277","2,904"
"1127","1,275","2,903"
"1128","1,275","2,901"
"1129","1,263","2,899"
"1130","1,233","2,897"
"1131","1,197","2,895"
"1132","1,179","2,893"
"1133","1,162","2,892"
"1134","1,149","2,889"
"1135","1,136","2,887"
"1136","1,131","2,886"
"1137","1,116","2,884"
"1138","1,107","2,882"
"1139","1,107","2,880"
"1140","1,094","2,878"
"1141","1,090","2,876"
"1142","1,089","2,875"
"1143","1,083","2,873"
"1144","1,078","2,871"
"1145","1,078","2,869"
"1146","1,069","2,867"
"1147","1,071","2,865"
"1148","1,065","2,863"
"1149","1,062","2,861"
"1150","1,072","2,859"
"1151","1,077","2,858"
"1152","1,074","2,856"
"1153","1,083","2,854"
"1154","1,082","2,853"
"1155","1,078","2,850"
"1156","1,071","2,848"
"1157","1,075","2,847"
"1158","1,075","2,844"
"1159","1,075","2,842"
"1160","1,077","2,841"
"1161","1,087","2,839"
"1162","1,087","2,837"
"1163","1,089","2,835"
"1164","1,091","2,833"
"1165","1,088","2,831"
"1166","1,086","2,829"
"1167","1,088","2,827"
"1168","1,088","2,825"
"1169","1,089","2,824"
"1170","1,093","2,821"
"1171","1,100","2,820"
"1172","1,106","2,818"
"1173","1,093","2,816"
"1174","1,108","2,814"
"1175","1,118","2,812"
"1176","1,120","2,811"
"1177","1,122","2,808"
"1178","1,124","2,807"
"1179","1,124","2,805"
"1180","1,134","2,803"
"1181","1,140","2,801"
"1182","1,129","2,799"
"1183","1,133","2,797"
"1184","1,142","2,795"
"1185","1,148","2,793"
"1186","1,141","2,792"
"1187","1,150","2,790"
"1188","1,156","2,788"
"1189","1,160","2,786"
"1190","1,147","2,784"
"1191","1,145","2,782"
"1192","1,155","2,780"
"1193","1,152","2,778"
"1194","1,165","2,776"
"1195","1,165","2,774"
"1196","1,167","2,773"
"1197","1,166","2,771"
"1198","1,177","2,769"
"1199","1,177","2,767"
"1200","1,174","2,765"
"1201","1,182","2,763"
"1202","1,199","2,762"
"1203","1,197","2,760"
"1204","1,195","2,758"
"1205","1,203","2,756"
"1206","1,201","2,754"
"1207","1,215","2,752"
"1208","1,211","2,751"
"1209","1,217","2,748"
"1210","1,213","2,747"
"1211","1,214","2,745"
"1212","1,225","2,743"
"1213","1,223","2,741"
"1214","1,222","2,739"
"1215","1,233","2,737"
"1216","1,228","2,735"
"1217","1,230","2,733"
"1218","1,234","2,732"
"1219","1,242","2,730"
"1220","1,249","2,728"
"1221","1,250","2,726"
"1222","1,254","2,724"
"1223","1,252","2,722"
"1224","1,243","2,720"
"1225","1,256","2,718"
"1226","1,258","2,717"
"1227","1,266","2,715"
"1228","1,270","2,713"
"1229","1,278","2,712"
"1230","1,270","2,709"
"1231","1,271","2,707"
"1232","1,278","2,706"
"1233","1,286","2,704"
"1234","1,299","2,702"
"1235","1,307","2,701"
"1236","1,313","2,699"
"1237","1,306","2,697"
"1238","1,304","2,695"
"1239","1,310","2,693"
"1240","1,308","2,691"
"1241","1,318","2,689"
"1242","1,322","2,688"
"1243","1,326","2,686"
"1244","1,332","2,684"
"1245","1,330","2,682"
"1246","1,334","2,680"
"1247","1,343","2,678"
"1248","1,338","2,677"
"1249","1,342","2,674"
"1250","1,348","2,673"
"1251","1,343","2,671"
"1252","1,350","2,669"
"1253","1,352","2,667"
"1254","1,347","2,665"
"1255","1,345","2,663"
"1256","1,344","2,661"
"1257","1,355","2,660"
"1258","1,348","2,657"
"1259","1,359","2,656"
"1260","1,360","2,654"
"1261","1,362","2,652"
"1262","1,362","2,650"
"1263","1,368","2,649"
"1264","1,374","2,646"
"1265","1,377","2,645"
"1266","1,376","2,643"
"1267","1,369","2,641"
"1268","1,373","2,639"
"1269","1,377","2,637"
"1270","1,377","2,635"
"1271","1,377","2,633"
"1272","1,373","2,631"
"1273","1,383","2,629"
"1274","1,380","2,628"
"1275","1,382","2,626"
"1276","1,388","2,624"
"1277","1,395","2,622"
"1278","1,390","2,620"
"1279","1,392","2,618"
"1280","1,403","2,617"
"1281","1,402","2,615"
"1282","1,413","2,613"
"1283","1,410","2,611"
"1284","1,414","2,609"
"1285","1,406","2,607"
"1286","1,418","2,605"
"1287","1,411","2,604"
"1288","1,409","2,601"
"1289","1,409","2,600"
"1290","1,419","2,598"
"1291","1,413","2,596"
"1292","1,415","2,594"
"1293","1,416","2,592"
"1294","1,420","2,590"
"1295","1,422","2,588"
"1296","1,416","2,587"
"1297","1,420","2,584"
"1298","1,422","2,583"
"1299","1,421","2,581"
"1300","1,421","2,579"
"1301","1,436","2,578"
"1302","1,425","2,575"
"1303","1,436","2,574"
"1304","1,440","2,572"
"1305","1,433","2,570"
"1306","1,437","2,568"
"1307","1,443","2,566"
"1308","1,437","2,564"
"1309","1,441","2,562"
"1310","1,447","2,560"
"1311","1,442","2,558"
"1312","1,450","2,557"
"1313","1,452","2,555"
"1314","1,450","2,553"
"1315","1,454","2,551"
"1316","1,458","2,550"
"1317","1,462","2,548"
"1318","1,464","2,546"
"1319","1,466","2,544"
"1320","1,466","2,542"
"1321","1,465","2,540"
"1322","1,465","2,538"
"1323","1,471","2,536"
"1324","1,471","2,535"
"1325","1,465","2,533"
"1326","1,483","2,531"
"1327","1,483","2,529"
"1328","1,487","2,528"
"1329","1,483","2,525"
"1330","1,485","2,524"
"1331","1,495","2,522"
"1332","1,503","2,520"
"1333","1,499","2,518"
"1334","1,490","2,516"
"1335","1,492","2,514"
"1336","1,492","2,513"
"1337","1,494","2,511"
"1338","1,493","2,509"
"1339","1,491","2,507"
"1340","1,491","2,505"
"1341","1,509","2,503"
"1342","1,494","2,501"
"1343","1,500","2,499"
"1344","1,501","2,497"
"1345","1,498","2,495"
"1346","1,508","2,494"
"1347","1,506","2,492"
"1348","1,508","2,490"
"1349","1,507","2,488"
"1350","1,525","2,487"
"1351","1,516","2,484"
"1352","1,520","2,483"
"1353","1,526","2,481"
"1354","1,536","2,479"
"1355","1,530","2,478"
"1356","1,545","2,475"
"1357","1,534","2,474"
"1358","1,529","2,472"
"1359","1,535","2,470"
"1360","1,529","2,468"
"1361","1,537","2,466"
"1362","1,532","2,464"
"1363","1,534","2,462"
"1364","1,532","2,460"
"1365","1,525","2,458"
"1366","1,531","2,456"
"1367","1,536","2,455"
"1368","1,544","2,453"
"1369","1,541","2,451"
"1370","1,545","2,449"
"1371","1,549","2,447"
"1372","1,543","2,445"
"1373","1,536","2,443"
"1374","1,542","2,441"
"1375","1,540","2,439"
"1376","1,551","2,438"
"1377","1,554","2,436"
"1378","1,556","2,434"
"1379","1,560","2,432"
"1380","1,554","2,430"
"1381","1,562","2,429"
"1382","1,564","2,427"
"1383","1,566","2,425"
"1384","1,568","2,423"
"1385","1,570","2,421"
"1386","1,582","2,420"
"1387","1,582","2,418"
"1388","1,584","2,416"
"1389","1,594","2,415"
"1390","1,596","2,413"
"1391","1,592","2,411"
"1392","1,591","2,408"
"1393","1,582","2,406"
"1394","1,584","2,405"
"1395","1,593","2,403"
"1396","1,595","2,401"
"1397","1,595","2,399"
"1398","1,596","2,398"
"1399","1,596","2,395"
"1400","1,604","2,394"
"1401","1,604","2,392"
"1402","1,604","2,390"
"1403","1,608","2,389"
"1404","1,601","2,386"
"1405","1,597","2,384"
"1406","1,603","2,383"
"1407","1,613","2,381"
"1408","1,605","2,378"
"1409","1,615","2,377"
"1410","1,617","2,376"
"1411","1,619","2,373"
"1412","1,616","2,371"
"1413","1,618","2,370"
"1414","1,624","2,368"
"1415","1,622","2,366"
"1416","1,615","2,364"
"1417","1,617","2,362"
"1418","1,617","2,360"
"1419","1,623","2,358"
"1420","1,632","2,357"
"1421","1,636","2,355"
"1422","1,635","2,353"
"1423","1,640","2,351"
"1424","1,652","2,350"
"1425","1,658","2,348"
"1426","1,656","2,346"
"1427","1,653","2,344"
"1428","1,651","2,343"
"1429","1,655","2,340"
"1430","1,659","2,339"
"1431","1,663","2,337"
"1432","1,663","2,335"
"1433","1,659","2,333"
"1434","1,663","2,331"
"1435","1,675","2,330"
"1436","1,686","2,328"
"1437","1,679","2,326"
"1438","1,685","2,324"
"1439","1,683","2,322"
"1440","1,683","2,320"
"1441","1,695","2,319"
"1442","1,695","2,317"
"1443","1,684","2,314"
"1444","1,692","2,312"
"1445","1,680","2,311"
"1446","1,688","2,308"
"1447","1,694","2,307"
"1448","1,705","2,305"
"1449","1,707","2,303"
"1450","1,723","2,301"
"1451","1,732","2,300"
"1452","1,738","2,298"
"1453","1,742","2,296"
"1454","1,742","2,294"
"1455","1,742","2,292"
"1456","1,742","2,290"
"1457","1,756","2,289"
"1458","1,750","2,287"
"1459","1,760","2,285"
"1460","1,771","2,283"
"1461","1,766","2,282"
"1462","1,775","2,280"
"1463","1,779","2,278"
"1464","1,770","2,276"
"1465","1,783","2,274"
"1466","1,780","2,273"
"1467","1,789","2,270"
"1468","1,790","2,268"
"1469","1,786","2,267"
"1470","1,786","2,264"
"1471","1,792","2,263"
"1472","1,788","2,261"
"1473","1,798","2,260"
"1474","1,798","2,257"
"1475","1,808","2,256"
"1476","1,798","2,254"
"1477","1,804","2,252"
"1478","1,804","2,250"
"1479","1,799","2,248"
"1480","1,818","2,246"
"1481","1,822","2,244"
"1482","1,822","2,242"
"1483","1,822","2,240"
"1484","1,826","2,238"
"1485","1,838","2,236"
"1486","1,847","2,235"
"1487","1,849","2,233"
"1488","1,846","2,231"
"1489","1,853","2,229"
"1490","1,864","2,227"
"1491","1,861","2,225"
"1492","1,869","2,223"
"1493","1,878","2,222"
"1494","1,880","2,220"
"1495","1,884","2,218"
"1496","1,892","2,217"
"1497","1,896","2,215"
"1498","1,888","2,213"
"1499","1,894","2,211"
"1500","1,896","2,209"
"1501","1,900","2,207"
"1502","1,904","2,206"
"1503","1,901","2,203"
"1504","1,906","2,202"
"1505","1,907","2,200"
"1506","1,901","2,198"
"1507","1,909","2,196"
"1508","1,911","2,194"
"1509","1,917","2,193"
"1510","1,921","2,190"
"1511","1,921","2,189"
"1512","1,914","2,187"
"1513","1,923","2,185"
"1514","1,931","2,184"
"1515","1,922","2,182"
"1516","1,937","2,180"
"1517","1,941","2,178"
"1518","1,941","2,177"
"1519","1,941","2,175"
"1520","1,949","2,173"
"1521","1,934","2,171"
"1522","1,942","2,169"
"1523","1,938","2,167"
"1524","1,946","2,165"
"1525","1,955","2,164"
"1526","1,956","2,162"
"1527","1,958","2,160"
"1528","1,960","2,158"
"1529","1,954","2,156"
"1530","1,958","2,155"
"1531","1,956","2,152"
"1532","1,956","2,151"
"1533","1,955","2,149"
"1534","1,947","2,147"
"1535","1,946","2,145"
"1536","1,952","2,142"
"1537","1,952","2,141"
"1538","1,957","2,139"
"1539","1,960","2,137"
"1540","1,956","2,135"
"1541","1,962","2,134"
"1542","1,960","2,132"
"1543","1,964","2,130"
"1544","1,970","2,129"
"1545","1,957","2,126"
"1546","1,968","2,125"
"1547","1,976","2,123"
"1548","1,972","2,121"
"1549","1,969","2,119"
"1550","1,969","2,117"
"1551","1,965","2,115"
"1552","1,975","2,114"
"1553","1,971","2,112"
"1554","1,973","2,110"
"1555","1,972","2,108"
"1556","1,974","2,106"
"1557","1,981","2,104"
"1558","1,989","2,103"
"1559","1,980","2,101"
"1560","1,978","2,099"
"1561","1,986","2,097"
"1562","1,975","2,095"
"1563","1,986","2,093"
"1564","1,975","2,092"
"1565","1,981","2,090"
"1566","1,987","2,088"
"1567","1,989","2,086"
"1568","1,987","2,084"
"1569","1,995","2,083"
"1570","1,991","2,081"
"1571","1,989","2,079"
"1572","1,984","2,077"
"1573","1,991","2,075"
"1574","2,003","2,074"
"1575","1,999","2,072"
"1576","1,994","2,070"
"1577","2,001","2,068"
"1578","2,000","2,066"
"1579","2,015","2,065"
"1580","2,006","2,063"
"1581","2,008","2,061"
"1582","2,010","2,059"
"1583","2,006","2,057"
"1584","2,012","2,055"
"1585","2,010","2,054"
"1586","2,014","2,052"
"1587","2,012","2,050"
"1588","2,014","2,048"
"1589","2,014","2,046"
"1590","2,005","2,044"
"1591","2,013","2,043"
"1592","2,022","2,041"
"1593","2,013","2,039"
"1594","2,019","2,037"
"1595","2,021","2,035"
"1596","2,021","2,033"
"1597","2,023","2,031"
"1598","2,023","2,030"
"1599","2,018","2,027"
"1600","2,023","2,026"
"1601","2,023","2,025"
"1602","2,029","2,023"
"1603","2,030","2,021"
"1604","2,022","2,019"
"1605","2,030","2,017"
"1606","2,032","2,016"
"1607","2,049","2,014"
"1608","2,049","2,012"
"1609","2,049","2,010"
"1610","2,051","2,009"
"1611","2,038","2,006"
"1612","2,042","2,005"
"1613","2,044","2,003"
"1614","2,033","2,001"
"1615","2,029","1,999"
"1616","2,035","1,997"
"1617","2,046","1,995"
"1618","2,047","1,994"
"1619","2,047","1,992"
"1620","2,054","1,990"
"1621","2,047","1,988"
"1622","2,055","1,987"
"1623","2,043","1,985"
"1624","2,055","1,983"
"1625","2,044","1,981"
"1626","2,048","1,979"
"1627","2,035","1,977"
"1628","2,042","1,975"
"1629","2,037","1,973"
"1630","2,035","1,971"
"1631","2,043","1,970"
"1632","2,037","1,968"
"1633","2,045","1,966"
"1634","2,039","1,964"
"1635","2,045","1,962"
"1636","2,049","1,961"
"1637","2,051","1,959"
"1638","2,042","1,957"
"1639","2,046","1,955"
"1640","2,042","1,953"
"1641","2,053","1,952"
"1642","2,054","1,950"
"1643","2,044","1,948"
"1644","2,046","1,946"
"1645","2,041","1,944"
"1646","2,048","1,942"
"1647","2,035","1,940"
"1648","2,041","1,938"
"1649","2,051","1,937"
"1650","2,056","1,935"
"1651","2,060","1,934"
"1652","2,058","1,932"
"1653","2,055","1,930"
"1654","2,062","1,928"
"1655","2,068","1,926"
"1656","2,065","1,924"
"1657","2,067","1,923"
"1658","2,063","1,921"
"1659","2,063","1,919"
"1660","2,063","1,917"
"1661","2,076","1,915"
"1662","2,079","1,912"
"1663","2,080","1,911"
"1664","2,079","1,909"
"1665","2,079","1,907"
"1666","2,075","1,905"
"1667","2,073","1,903"
"1668","2,072","1,902"
"1669","2,081","1,900"
"1670","2,079","1,898"
"1671","2,076","1,896"
"1672","2,076","1,894"
"1673","2,069","1,892"
"1674","2,074","1,890"
"1675","2,076","1,889"
"1676","2,080","1,887"
"1677","2,077","1,885"
"1678","2,078","1,883"
"1679","2,075","1,881"
"1680","2,084","1,879"
"1681","2,085","1,878"
"1682","2,086","1,876"
"1683","2,088","1,874"
"1684","2,079","1,872"
"1685","2,091","1,871"
"1686","2,081","1,870"
"1687","2,093","1,868"
"1688","2,096","1,867"
"1689","2,089","1,864"
"1690","2,095","1,863"
"1691","2,104","1,861"
"1692","2,101","1,859"
"1693","2,112","1,858"
"1694","2,095","1,856"
"1695","2,097","1,854"
"1696","2,097","1,852"
"1697","2,098","1,850"
"1698","2,099","1,848"
"1699","2,101","1,846"
"1700","2,100","1,845"
"1701","2,098","1,843"
"1702","2,102","1,841"
"1703","2,098","1,839"
"1704","2,109","1,837"
"1705","2,106","1,835"
"1706","2,108","1,834"
"1707","2,110","1,832"
"1708","2,106","1,830"
"1709","2,099","1,828"
"1710","2,106","1,826"
"1711","2,106","1,825"
"1712","2,112","1,823"
"1713","2,107","1,821"
"1714","2,114","1,819"
"1715","2,109","1,817"
"1716","2,111","1,815"
"1717","2,128","1,814"
"1718","2,122","1,812"
"1719","2,122","1,810"
"1720","2,119","1,808"
"1721","2,111","1,807"
"1722","2,122","1,805"
"1723","2,136","1,803"
"1724","2,128","1,801"
"1725","2,130","1,799"
"1726","2,128","1,798"
"1727","2,127","1,796"
"1728","2,129","1,794"
"1729","2,125","1,792"
"1730","2,136","1,791"
"1731","2,138","1,789"
"1732","2,140","1,787"
"1733","2,139","1,785"
"1734","2,137","1,783"
"1735","2,135","1,781"
"1736","2,135","1,780"
"1737","2,145","1,778"
"1738","2,141","1,776"
"1739","2,137","1,774"
"1740","2,141","1,772"
"1741","2,140","1,770"
"1742","2,141","1,769"
"1743","2,132","1,767"
"1744","1,708","1,765"
"1745","1,614","1,766"
"1746","1,378","1,769"
"1747","1,264","1,771"
"1748","1,339","1,775"
"1749","1,208","1,775"
"1750","1,155","1,773"
"1751","1,047","1,770"
"1752","0,835","1,767"
"1753","0,925","1,766"
"1754","1,004","1,764"
"1755","1,040","1,762"
"1756","1,057","1,762"
"1757","1,074","1,762"
"1758","1,057","1,763"
"1759","1,034","1,763"
"1760","1,020","1,763"
"1761","1,001","1,763"
"1762","1,001","1,763"
"1763","1,018","1,762"
"1764","1,028","1,761"
"1765","1,033","1,760"
"1766","1,043","1,759"
"1767","1,056","1,758"
"1768","1,073","1,757"
"1769","1,077","1,755"
"1770","1,077","1,753"
"1771","1,074","1,752"
"1772","1,079","1,751"
"1773","1,077","1,749"
"1774","1,066","1,747"
"1775","1,076","1,746"
"1776","1,074","1,744"
"1777","1,074","1,742"
"1778","1,071","1,741"
"1779","1,075","1,739"
"1780","1,082","1,738"
"1781","1,078","1,736"
"1782","1,086","1,735"
"1783","1,084","1,733"
"1784","1,081","1,731"
"1785","1,083","1,730"
"1786","1,085","1,728"
"1787","1,089","1,727"
"1788","1,087","1,725"
"1789","1,087","1,723"
"1790","1,080","1,721"
"1791","1,086","1,719"
"1792","1,082","1,718"
"1793","1,088","1,716"
"1794","1,091","1,714"
"1795","1,093","1,713"
"1796","1,082","1,711"
"1797","1,090","1,709"
"1798","1,099","1,707"
"1799","1,103","1,706"
"1800","1,100","1,704"
"1801","1,104","1,702"
"1802","1,104","1,701"
"1803","1,107","1,699"
"1804","1,113","1,697"
"1805","1,119","1,696"
"1806","1,121","1,694"
"1807","1,131","1,692"
"1808","1,189","1,692"
"1809","1,255","1,692"
"1810","1,270","1,690"
"1811","1,290","1,688"
"1812","1,309","1,686"
"1813","1,325","1,684"
"1814","1,342","1,681"
"1815","1,349","1,677"
"1816","1,346","1,673"
"1817","1,348","1,670"
"1818","1,348","1,666"
"1819","1,350","1,664"
"1820","1,350","1,661"
"1821","1,354","1,658"
"1822","1,348","1,655"
"1823","1,345","1,653"
"1824","1,350","1,650"
"1825","1,356","1,648"
"1826","1,362","1,646"
"1827","1,356","1,643"
"1828","1,359","1,641"
"1829","1,372","1,639"
"1830","1,366","1,636"
"1831","1,370","1,634"
"1832","1,370","1,632"
"1833","1,384","1,630"
"1834","1,395","1,628"
"1835","1,393","1,626"
"1836","1,399","1,624"
"1837","1,408","1,622"
"1838","1,409","1,620"
"1839","1,043","1,618"
"1840","0,943","1,617"
"1841","0,594","1,615"
"1842","0,739","1,612"
"1843","0,786","1,611"
"1844","0,807","1,609"
"1845","0,846","1,607"
"1846","0,856","1,605"
"1847","0,873","1,604"
"1848","0,871","1,601"
"1849","0,868","1,599"
"1850","0,870","1,597"
"1851","0,870","1,595"
"1852","0,872","1,593"
"1853","0,883","1,592"
"1854","0,874","1,589"
"1855","0,870","1,588"
"1856","0,853","1,585"
"1857","0,846","1,583"
"1858","0,841","1,581"
"1859","0,845","1,580"
"1860","0,834","1,577"
"1861","0,839","1,576"
"1862","0,830","1,574"
"1863","0,830","1,572"
"1864","0,836","1,571"
"1865","0,834","1,569"
"1866","0,832","1,567"
"1867","0,844","1,565"
"1868","0,825","1,564"
"1869","0,825","1,561"
"1870","0,829","1,560"
"1871","0,824","1,558"
"1872","0,824","1,556"
"1873","0,824","1,554"
"1874","0,821","1,553"
"1875","0,821","1,551"
"1876","0,817","1,549"
"1877","0,802","1,547"
"1878","0,810","1,545"
"1879","0,817","1,544"
"1880","0,810","1,542"
"1881","0,816","1,540"
"1882","0,816","1,539"
"1883","0,812","1,537"
"1884","0,801","1,535"
"1885","0,805","1,533"
"1886","0,802","1,531"
"1887","0,809","1,530"
"1888","0,802","1,528"
"1889","0,806","1,527"
"1890","0,806","1,525"
"1891","0,810","1,523"
"1892","0,812","1,522"
"1893","0,808","1,520"
"1894","0,801","1,518"
"1895","0,799","1,516"
"1896","0,797","1,514"
"1897","0,805","1,513"
"1898","0,800","1,511"
"1899","0,798","1,509"
"1900","0,802","1,507"
"1901","0,800","1,506"
"1902","0,800","1,504"
"1903","0,795","1,502"
"1904","0,801","1,501"
"1905","0,793","1,499"
"1906","0,799","1,497"
"1907","0,799","1,496"
"1908","0,797","1,494"
"1909","0,805","1,492"
"1910","0,811","1,491"
"1911","0,796","1,488"
"1912","0,792","1,487"
"1913","0,794","1,485"
"1914","0,804","1,483"
"1915","0,799","1,482"
"1916","0,795","1,480"
"1917","0,793","1,478"
"1918","0,790","1,477"
"1919","0,786","1,475"
"1920","0,788","1,473"
"1921","0,796","1,471"
"1922","0,798","1,470"
"1923","0,781","1,468"
"1924","0,789","1,466"
"1925","0,785","1,464"
"1926","0,783","1,462"
"1927","0,787","1,461"
"1928","0,793","1,460"
"1929","0,791","1,458"
"1930","0,790","1,456"
"1931","0,788","1,454"
"1932","0,798","1,452"
"1933","0,794","1,451"
"1934","0,792","1,449"
"1935","0,792","1,447"
"1936","0,796","1,446"
"1937","0,794","1,444"
"1938","0,795","1,442"
"1939","0,800","1,441"
"1940","0,795","1,439"
"1941","0,797","1,437"
"1942","0,803","1,436"
"1943","0,805","1,434"
"1944","0,803","1,432"
"1945","0,807","1,431"
"1946","0,805","1,429"
"1947","0,811","1,427"
"1948","0,802","1,425"
"1949","0,800","1,424"
"1950","0,795","1,421"
"1951","0,799","1,420"
"1952","0,797","1,418"
"1953","0,805","1,416"
"1954","0,808","1,415"
"1955","0,810","1,414"
"1956","0,811","1,412"
"1957","0,816","1,410"
"1958","0,809","1,408"
"1959","0,815","1,406"
"1960","0,815","1,405"
"1961","0,813","1,403"
"1962","0,813","1,401"
"1963","0,814","1,399"
"1964","0,814","1,398"
"1965","0,816","1,396"
"1966","0,821","1,395"
"1967","0,831","1,393"
"1968","0,827","1,391"
"1969","0,820","1,390"
"1970","0,815","1,388"
"1971","0,811","1,386"
"1972","0,813","1,384"
"1973","0,813","1,383"
"1974","0,817","1,381"
"1975","0,815","1,379"
"1976","0,821","1,378"
"1977","0,819","1,376"
"1978","0,827","1,374"
"1979","0,814","1,372"
"1980","0,825","1,371"
"1981","0,825","1,369"
"1982","0,811","1,367"
"1983","0,818","1,365"
"1984","0,818","1,364"
"1985","0,815","1,362"
"1986","0,817","1,360"
"1987","0,826","1,359"
"1988","0,823","1,357"
"1989","0,825","1,355"
"1990","0,829","1,354"
"1991","0,819","1,352"
"1992","0,820","1,350"
"1993","0,820","1,348"
"1994","0,824","1,347"
"1995","0,820","1,345"
"1996","0,820","1,343"
"1997","0,809","1,341"
"1998","0,805","1,340"
"1999","0,804","1,338"
"2000","0,809","1,336"
"2001","0,813","1,334"
"2002","0,810","1,333"
"2003","0,806","1,331"
"2004","0,818","1,330"
"2005","0,825","1,328"
"2006","0,829","1,327"
"2007","0,814","1,324"
"2008","0,820","1,323"
"2009","0,818","1,321"
"2010","0,820","1,319"
"2011","0,816","1,318"
"2012","0,817","1,316"
"2013","0,821","1,314"
"2014","0,819","1,313"
"2015","0,819","1,311"
"2016","0,813","1,309"
"2017","0,808","1,307"
"2018","0,814","1,306"
"2019","0,808","1,304"
"2020","0,812","1,302"
"2021","0,814","1,301"
"2022","0,820","1,299"
"2023","0,822","1,297"
"2024","0,824","1,296"
"2025","0,818","1,294"
"2026","0,817","1,292"
"2027","0,815","1,291"
"2028","0,824","1,289"
"2029","0,823","1,287"
"2030","0,817","1,286"
"2031","0,814","1,284"
"2032","0,825","1,282"
"2033","0,819","1,281"
"2034","0,814","1,278"
"2035","0,812","1,277"
"2036","0,810","1,275"
"2037","0,814","1,273"
"2038","0,816","1,271"
"2039","0,816","1,270"
"2040","0,813","1,268"
"2041","0,817","1,266"
"2042","0,819","1,265"
"2043","0,813","1,263"
"2044","0,817","1,261"
"2045","0,819","1,260"
"2046","0,825","1,258"
"2047","0,819","1,256"
"2048","0,814","1,254"
"2049","0,816","1,252"
"2050","0,814","1,251"
"2051","0,820","1,249"
"2052","0,833","1,247"
"2053","0,828","1,245"
"2054","0,820","1,243"
"2055","0,824","1,241"
"2056","0,828","1,240"
"2057","0,836","1,239"
"2058","0,834","1,236"
"2059","0,821","1,234"
"2060","0,828","1,233"
"2061","0,836","1,232"
"2062","0,833","1,230"
"2063","0,840","1,229"
"2064","0,842","1,226"
"2065","0,840","1,225"
"2066","0,842","1,223"
"2067","0,829","1,221"
"2068","0,846","1,220"
"2069","0,841","1,218"
"2070","0,843","1,216"
"2071","0,836","1,214"
"2072","0,841","1,213"
"2073","0,843","1,211"
"2074","0,842","1,209"
"2075","0,851","1,208"
"2076","0,851","1,206"
"2077","0,849","1,204"
"2078","0,857","1,203"
"2079","0,857","1,201"
"2080","0,857","1,200"
"2081","0,858","1,198"
"2082","0,845","1,196"
"2083","0,848","1,194"
"2084","0,856","1,193"
"2085","0,854","1,191"
"2086","0,853","1,189"
"2087","0,851","1,187"
"2088","0,853","1,185"
"2089","0,849","1,183"
"2090","0,847","1,182"
"2091","0,850","1,180"
"2092","0,850","1,179"
"2093","0,844","1,177"
"2094","0,856","1,175"
"2095","0,857","1,174"
"2096","0,854","1,172"
"2097","0,860","1,170"
"2098","0,862","1,168"
"2099","0,858","1,167"
"2100","0,860","1,165"
"2101","0,860","1,163"
"2102","0,855","1,162"
"2103","0,853","1,160"
"2104","0,861","1,158"
"2105","0,866","1,157"
"2106","0,870","1,155"
"2107","0,865","1,153"
"2108","0,869","1,152"
"2109","0,880","1,150"
"2110","0,869","1,148"
"2111","0,865","1,146"
"2112","0,877","1,145"
"2113","0,879","1,143"
"2114","0,883","1,142"
"2115","0,879","1,140"
"2116","0,875","1,138"
"2117","0,870","1,136"
"2118","0,874","1,134"
"2119","0,870","1,133"
"2120","0,882","1,132"
"2121","0,884","1,130"
"2122","0,880","1,128"
"2123","0,876","1,127"
"2124","0,886","1,125"
"2125","0,882","1,124"
"2126","0,881","1,122"
"2127","0,883","1,120"
"2128","0,885","1,118"
"2129","0,889","1,117"
"2130","0,874","1,114"
"2131","0,885","1,112"
"2132","0,885","1,111"
"2133","0,889","1,109"
"2134","0,884","1,107"
"2135","0,886","1,106"
"2136","0,882","1,104"
"2137","0,880","1,102"
"2138","0,877","1,100"
"2139","0,869","1,098"
"2140","0,884","1,097"
"2141","0,890","1,095"
"2142","0,885","1,093"
"2143","0,889","1,092"
"2144","0,885","1,090"
"2145","0,883","1,088"
"2146","0,889","1,086"
"2147","0,891","1,085"
"2148","0,895","1,083"
"2149","0,895","1,082"
"2150","0,892","1,080"
"2151","0,892","1,078"
"2152","0,892","1,076"
"2153","0,892","1,075"
"2154","0,894","1,073"
"2155","0,902","1,072"
"2156","0,906","1,070"
"2157","0,904","1,068"
"2158","0,904","1,066"
"2159","0,902","1,065"
"2160","0,908","1,063"
"2161","0,905","1,061"
"2162","0,897","1,060"
"2163","0,899","1,057"
"2164","0,896","1,056"
"2165","0,905","1,054"
"2166","0,890","1,052"
"2167","0,896","1,050"
"2168","0,894","1,049"
"2169","0,904","1,047"
"2170","0,902","1,045"
"2171","0,906","1,044"
"2172","0,916","1,042"
"2173","0,914","1,041"
"2174","0,908","1,039"
"2175","0,903","1,037"
"2176","0,914","1,036"
"2177","0,913","1,034"
"2178","0,920","1,032"
"2179","0,917","1,031"
"2180","0,915","1,029"
"2181","0,921","1,027"
"2182","0,923","1,026"
"2183","0,914","1,024"
"2184","0,916","1,022"
"2185","0,918","1,022"
"2186","0,912","1,020"
"2187","0,918","1,018"
"2188","0,920","1,016"
"2189","0,924","1,015"
"2190","0,924","1,013"
"2191","0,924","1,012"
"2192","0,919","1,010"
"2193","0,921","1,008"
"2194","0,925","1,006"
"2195","0,919","1,005"
"2196","0,931","1,003"
"2197","0,937","1,002"
"2198","0,933","1,000"
"2199","0,933","0,998"
"2200","0,937","0,997"
"2201","0,933","0,995"
"2202","0,928","0,993"
"2203","0,928","0,991"
"2204","0,928","0,990"
"2205","0,928","0,988"
"2206","0,932","0,986"
"2207","0,932","0,985"
"2208","0,935","0,983"
"2209","0,935","0,981"
"2210","0,929","0,979"
"2211","0,929","0,977"
"2212","0,933","0,976"
"2213","0,932","0,975"
"2214","0,937","0,972"
"2215","0,932","0,971"
"2216","0,936","0,969"
"2217","0,938","0,968"
"2218","0,940","0,966"
"2219","0,938","0,964"
"2220","0,931","0,962"
"2221","0,929","0,961"
"2222","0,931","0,959"
"2223","0,929","0,957"
"2224","0,931","0,955"
"2225","0,933","0,954"
"2226","0,939","0,952"
"2227","0,928","0,950"
"2228","0,936","0,949"
"2229","0,940","0,947"
"2230","0,936","0,945"
"2231","0,932","0,943"
"2232","0,934","0,941"
"2233","0,927","0,940"
"2234","0,923","0,938"
"2235","0,920","0,936"
"2236","0,929","0,935"
"2237","0,930","0,933"
"2238","0,934","0,931"
"2239","0,935","0,930"
"2240","0,930","0,928"
"2241","0,938","0,926"
"2242","0,930","0,924"
"2243","0,929","0,923"
"2244","0,934","0,921"
"2245","0,935","0,919"
"2246","0,937","0,917"
"2247","0,941","0,916"
"2248","0,939","0,914"
"2249","0,937","0,913"
"2250","0,934","0,910"
"2251","0,939","0,909"
"2252","0,932","0,907"
"2253","0,934","0,905"
"2254","0,930","0,903"
"2255","0,936","0,902"
"2256","0,948","0,900"
"2257","0,948","0,899"
"2258","0,950","0,897"
"2259","0,948","0,895"
"2260","0,952","0,894"
"2261","0,948","0,893"
"2262","0,947","0,890"
"2263","0,945","0,889"
"2264","0,945","0,887"
"2265","0,951","0,885"
"2266","0,957","0,884"
"2267","0,959","0,882"
"2268","0,957","0,880"
"2269","0,963","0,879"
"2270","0,969","0,877"
"2271","0,973","0,875"
"2272","0,963","0,874"
"2273","0,969","0,872"
"2274","0,962","0,870"
"2275","0,958","0,868"
"2276","0,955","0,866"
"2277","0,972","0,865"
"2278","0,974","0,864"
"2279","0,970","0,862"
"2280","0,983","0,860"
"2281","0,976","0,859"
"2282","0,972","0,857"
"2283","0,967","0,855"
"2284","0,971","0,853"
"2285","0,980","0,852"
"2286","0,981","0,850"
"2287","0,985","0,849"
"2288","0,983","0,847"
"2289","0,975","0,845"
"2290","0,983","0,843"
"2291","0,983","0,842"
"2292","0,989","0,840"
"2293","0,987","0,838"
"2294","0,987","0,837"
"2295","0,991","0,835"
"2296","0,990","0,833"
"2297","0,988","0,832"
"2298","0,995","0,829"
"2299","0,999","0,829"
"2300","1,001","0,827"
"2301","0,992","0,825"
"2302","0,985","0,823"
"2303","0,996","0,822"
"2304","0,985","0,819"
"2305","0,984","0,817"
"2306","0,993","0,816"
"2307","0,984","0,814"
"2308","0,984","0,812"
"2309","0,990","0,810"
"2310","0,990","0,809"
"2311","0,992","0,808"
"2312","0,994","0,806"
"2313","0,996","0,804"
"2314","0,992","0,803"
"2315","0,996","0,801"
"2316","0,993","0,799"
"2317","0,989","0,797"
"2318","0,991","0,795"
"2319","0,991","0,793"
"2320","0,997","0,792"
"2321","0,995","0,791"
"2322","1,005","0,789"
"2323","1,003","0,787"
"2324","1,015","0,786"
"2325","1,011","0,784"
"2326","1,007","0,782"
"2327","1,011","0,781"
"2328","1,009","0,779"
"2329","1,006","0,777"
"2330","1,006","0,776"
"2331","1,010","0,774"
"2332","1,017","0,772"
"2333","1,010","0,771"
"2334","1,012","0,768"
"2335","1,008","0,767"
"2336","1,014","0,765"
"2337","1,024","0,764"
"2338","1,018","0,762"
"2339","1,013","0,760"
"2340","1,017","0,758"
"2341","1,013","0,757"
"2342","1,023","0,755"
"2343","1,021","0,754"
"2344","1,021","0,752"
"2345","1,021","0,751"
"2346","1,023","0,749"
"2347","1,025","0,747"
"2348","1,023","0,746"
"2349","1,027","0,744"
"2350","1,029","0,742"
"2351","1,030","0,741"
"2352","1,043","0,739"
"2353","1,037","0,737"
"2354","1,037","0,736"
"2355","1,034","0,734"
"2356","1,034","0,732"
"2357","1,036","0,731"
"2358","1,031","0,728"
"2359","1,027","0,727"
"2360","1,027","0,725"
"2361","1,035","0,723"
"2362","1,033","0,722"
"2363","1,039","0,720"
"2364","1,039","0,719"
"2365","1,041","0,717"
"2366","1,034","0,715"
"2367","1,043","0,713"
"2368","1,041","0,712"
"2369","1,049","0,711"
"2370","1,051","0,708"
"2371","1,047","0,707"
"2372","1,061","0,706"
"2373","1,059","0,704"
"2374","1,061","0,702"
"2375","1,065","0,701"
"2376","1,058","0,698"
"2377","1,061","0,697"
"2378","1,058","0,696"
"2379","1,060","0,694"
"2380","1,067","0,692"
"2381","1,064","0,691"
"2382","1,070","0,689"
"2383","1,060","0,687"
"2384","1,061","0,685"
"2385","1,057","0,683"
"2386","1,046","0,682"
"2387","1,048","0,680"
"2388","1,052","0,678"
"2389","1,058","0,677"
"2390","1,052","0,675"
"2391","1,052","0,673"
"2392","1,056","0,672"
"2393","1,058","0,670"
"2394","1,062","0,668"
"2395","1,064","0,667"
"2396","1,062","0,665"
"2397","1,063","0,663"
"2398","1,061","0,662"
"2399","1,061","0,660"
"2400","1,065","0,658"
"2401","1,067","0,657"
"2402","1,063","0,655"
"2403","1,067","0,653"
"2404","1,069","0,652"
"2405","1,065","0,650"
"2406","1,064","0,648"
"2407","1,064","0,646"
"2408","1,068","0,645"
"2409","1,072","0,643"
"2410","1,066","0,641"
"2411","1,065","0,640"
"2412","1,067","0,638"
"2413","1,069","0,636"
"2414","1,071","0,635"
"2415","1,075","0,633"
"2416","1,069","0,631"
"2417","1,077","0,630"
"2418","1,073","0,628"
"2419","1,071","0,627"
"2420","1,071","0,625"
"2421","1,068","0,623"
"2422","1,070","0,622"
"2423","1,064","0,620"
"2424","1,070","0,618"
"2425","1,076","0,616"
"2426","1,080","0,615"
"2427","1,078","0,613"
"2428","1,082","0,612"
"2429","1,082","0,610"
"2430","1,081","0,608"
"2431","1,092","0,607"
"2432","1,088","0,605"
"2433","1,083","0,603"
"2434","1,087","0,602"
"2435","1,083","0,600"
"2436","1,095","0,598"
"2437","1,089","0,597"
"2438","1,093","0,595"
"2439","1,089","0,593"
"2440","1,091","0,592"
"2441","1,090","0,590"
"2442","1,090","0,588"
"2443","1,090","0,587"
"2444","1,088","0,585"
"2445","1,094","0,583"
"2446","1,092","0,582"
"2447","1,098","0,580"
"2448","1,087","0,578"
"2449","1,089","0,576"
"2450","1,089","0,575"
"2451","1,087","0,573"
"2452","1,091","0,572"
"2453","1,097","0,570"
"2454","1,095","0,568"
"2455","1,092","0,567"
"2456","1,090","0,565"
"2457","1,100","0,563"
"2458","1,102","0,562"
"2459","1,098","0,560"
"2460","1,102","0,558"
"2461","1,100","0,557"
"2462","1,102","0,555"
"2463","1,104","0,553"
"2464","1,095","0,552"
"2465","1,099","0,550"
"2466","1,107","0,548"
"2467","1,103","0,546"
"2468","1,094","0,545"
"2469","1,101","0,543"
"2470","1,105","0,541"
"2471","1,109","0,540"
"2472","1,109","0,538"
"2473","1,113","0,537"
"2474","1,111","0,535"
"2475","1,114","0,533"
"2476","1,114","0,532"
"2477","1,110","0,530"
"2478","1,110","0,528"
"2479","1,116","0,526"
"2480","1,118","0,525"
"2481","1,122","0,523"
"2482","1,122","0,522"
"2483","1,130","0,520"
"2484","1,134","0,518"
"2485","1,138","0,517"
"2486","1,125","0,515"
"2487","1,125","0,513"
"2488","1,125","0,512"
"2489","1,125","0,510"
"2490","1,122","0,508"
"2491","1,120","0,507"
"2492","1,135","0,505"
"2493","1,141","0,503"
"2494","1,141","0,502"
"2495","1,148","0,501"
"2496","1,151","0,499"
"2497","1,156","0,497"
"2498","1,151","0,496"
"2499","1,153","0,494"
"2500","1,147","0,492"
"2501","1,153","0,491"
"2502","1,146","0,489"
"2503","1,146","0,487"
"2504","1,142","0,485"
"2505","1,154","0,484"
"2506","1,154","0,482"
"2507","1,162","0,481"
"2508","1,224","0,479"
"2509","0,957","0,476"
"2510","0,616","0,472"
"2511","0,569","0,466"
"2512","0,502","0,460"
"2513","0,457","0,451"
"2514","0,455","0,442"
"2515","0,436","0,436"
"2516","0,390","0,432"
"2517","0,354","0,426"
"2518","0,328","0,424"
"2519","0,343","0,421"
"2520","0,342","0,417"
"2521","0,353","0,415"
"2522","0,355","0,412"
"2523","0,365","0,410"
"2524","0,370","0,408"
"2525","0,367","0,406"
"2526","0,376","0,404"
"2527","0,373","0,402"
"2528","0,382","0,401"
"2529","0,396","0,399"
"2530","0,396","0,397"
"2531","0,398","0,396"
"2532","0,415","0,393"
"2533","0,426","0,392"
"2534","0,432","0,391"
"2535","0,436","0,388"
"2536","0,438","0,387"
"2537","0,444","0,385"
"2538","0,457","0,383"
"2539","0,465","0,382"
"2540","0,472","0,380"
"2541","0,475","0,378"
"2542","0,482","0,377"
"2543","0,486","0,375"
"2544","0,490","0,373"
"2545","0,501","0,372"
"2546","0,507","0,370"
"2547","0,521","0,368"
"2548","0,517","0,367"
"2549","0,521","0,365"
"2550","0,525","0,363"
"2551","0,534","0,361"
"2552","0,531","0,360"
"2553","0,548","0,358"
"2554","0,557","0,357"
"2555","0,558","0,355"
"2556","0,569","0,353"
"2557","0,573","0,351"
"2558","0,575","0,350"
"2559","0,581","0,348"
"2560","0,590","0,346"
"2561","0,602","0,345"
"2562","0,596","0,343"
"2563","0,604","0,341"
"2564","0,606","0,340"
"2565","0,612","0,338"
"2566","0,620","0,336"
"2567","0,618","0,335"
"2568","0,626","0,333"
"2569","0,630","0,331"
"2570","0,628","0,329"
"2571","0,639","0,327"
"2572","0,641","0,326"
"2573","0,642","0,324"
"2574","0,651","0,322"
"2575","0,649","0,321"
"2576","0,655","0,319"
"2577","0,654","0,317"
"2578","0,657","0,315"
"2579","0,663","0,314"
"2580","0,667","0,312"
"2581","0,675","0,310"
"2582","0,688","0,309"
"2583","0,690","0,307"
"2584","0,694","0,306"
"2585","0,700","0,304"
"2586","0,702","0,302"
"2587","0,715","0,301"
"2588","0,712","0,299"
"2589","0,704","0,297"
"2590","0,708","0,295"
"2591","0,712","0,294"
"2592","0,724","0,292"
"2593","0,724","0,290"
"2594","0,735","0,289"
"2595","0,734","0,287"
"2596","0,736","0,285"
"2597","0,730","0,284"
"2598","0,738","0,282"
"2599","0,742","0,280"
"2600","0,738","0,279"
"2601","0,742","0,276"
"2602","0,750","0,275"
"2603","0,755","0,274"
"2604","0,761","0,272"
"2605","0,760","0,270"
"2606","0,762","0,269"
"2607","0,769","0,267"
"2608","0,764","0,265"
"2609","0,766","0,264"
"2610","0,768","0,261"
"2611","0,787","0,260"
"2612","0,780","0,259"
"2613","0,782","0,257"
"2614","0,782","0,255"
"2615","0,784","0,254"
"2616","0,788","0,252"
"2617","0,794","0,250"
"2618","0,798","0,249"
"2619","0,796","0,247"
"2620","0,796","0,245"
"2621","0,796","0,243"
"2622","0,800","0,242"
"2623","0,806","0,240"
"2624","0,810","0,239"
"2625","0,806","0,236"
"2626","0,818","0,235"
"2627","0,823","0,234"
"2628","0,829","0,232"
"2629","0,829","0,230"
"2630","0,831","0,229"
"2631","0,839","0,227"
"2632","0,851","0,225"
"2633","0,856","0,224"
"2634","0,849","0,222"
"2635","0,844","0,220"
"2636","0,846","0,219"
"2637","0,851","0,217"
"2638","0,854","0,215"
"2639","0,857","0,214"
"2640","0,856","0,211"
"2641","0,861","0,210"
"2642","0,858","0,209"
"2643","0,873","0,207"
"2644","0,868","0,205"
"2645","0,879","0,204"
"2646","0,877","0,202"
"2647","0,883","0,200"
"2648","0,878","0,199"
"2649","0,885","0,196"
"2650","0,891","0,196"
"2651","0,890","0,194"
"2652","0,890","0,191"
"2653","0,890","0,190"
"2654","0,886","0,188"
"2655","0,896","0,187"
"2656","0,896","0,185"
"2657","0,896","0,184"
"2658","0,898","0,182"
"2659","0,893","0,180"
"2660","0,904","0,179"
"2661","0,908","0,177"
"2662","0,897","0,176"
"2663","0,903","0,174"
"2664","0,897","0,171"
"2665","0,899","0,170"
"2666","0,905","0,169"
"2667","0,911","0,167"
"2668","0,904","0,165"
"2669","0,904","0,164"
"2670","0,917","0,162"
"2671","0,908","0,161"
"2672","0,912","0,159"
"2673","0,908","0,157"
"2674","0,910","0,155"
"2675","0,903","0,154"
"2676","0,911","0,152"
"2677","0,913","0,151"
"2678","0,913","0,149"
"2679","0,917","0,147"
"2680","0,921","0,146"
"2681","0,923","0,144"
"2682","0,923","0,142"
"2683","0,921","0,141"
"2684","0,925","0,139"
"2685","0,924","0,138"
"2686","0,941","0,136"
"2687","0,935","0,135"
"2688","0,928","0,132"
"2689","0,936","0,131"
"2690","0,926","0,129"
"2691","0,923","0,127"
"2692","0,914","0,125"
"2693","0,923","0,124"
"2694","0,927","0,122"
"2695","0,916","0,121"
"2696","0,920","0,119"
"2697","0,924","0,117"
"2698","0,928","0,116"
"2699","0,926","0,114"
"2700","0,928","0,112"
"2701","0,932","0,111"
"2702","0,927","0,109"
"2703","0,927","0,107"
"2704","0,925","0,106"
"2705","0,931","0,105"
"2706","0,931","0,103"
"2707","0,939","0,101"
"2708","0,935","0,100"
"2709","0,926","0,097"
"2710","0,932","0,096"
"2711","0,934","0,095"
"2712","0,930","0,092"
"2713","0,925","0,091"
"2714","0,927","0,089"
"2715","0,940","0,088"
"2716","0,936","0,086"
"2717","0,939","0,085"
"2718","0,944","0,083"
"2719","0,954","0,082"
"2720","0,943","0,080"
"2721","0,941","0,078"
"2722","0,938","0,076"
"2723","0,936","0,075"
"2724","0,934","0,073"
"2725","0,927","0,071"
"2726","0,933","0,070"
"2727","0,929","0,068"
"2728","0,931","0,066"
"2729","0,924","0,065"
"2730","0,930","0,063"
"2731","0,932","0,061"
"2732","0,934","0,060"
"2733","0,936","0,058"
"2734","0,938","0,057"
"2735","0,940","0,055"
"2736","0,951","0,053"
"2737","0,942","0,052"
"2738","0,942","0,050"
"2739","0,950","0,048"
"2740","0,944","0,047"
"2741","0,960","0,046"
"2742","0,960","0,044"
"2743","0,956","0,042"
"2744","0,956","0,040"
"2745","0,956","0,038"
"2746","0,958","0,037"
"2747","0,957","0,036"
"2748","0,963","0,034"
"2749","0,968","0,032"
"2750","0,961","0,031"
"2751","0,974","0,029"
"2752","0,973","0,028"
"2753","0,979","0,026"
"2754","0,971","0,024"
"2755","0,969","0,023"
"2756","0,970","0,021"
"2757","0,964","0,019"
"2758","0,966","0,017"
"2759","0,970","0,016"
"2760","0,978","0,015"
"2761","0,972","0,013"
"2762","0,965","0,011"
"2763","0,963","0,009"
"2764","0,960","0,007"
"2765","0,960","0,006"
"2766","0,957","0,004"
"2767","0,964","0,002"
"2768","0,963","0,001"
"2769","0,961","-0,001"
"2770","0,967","-0,002"
"2771","0,965","-0,004"
"2772","0,978","-0,006"
"2773","0,971","-0,007"
"2774","0,971","-0,009"
"2775","0,977","-0,011"
"2776","0,966","-0,013"
"2777","0,966","-0,014"
"2778","0,979","-0,015"
"2779","0,976","-0,017"
"2780","0,974","-0,019"
"2781","0,986","-0,020"
"2782","0,982","-0,022"
"2783","0,982","-0,023"
"2784","0,983","-0,025"
"2785","0,987","-0,027"
"2786","0,977","-0,028"
"2787","0,976","-0,030"
"2788","0,979","-0,032"
"2789","0,982","-0,033"
"2790","0,989","-0,035"
"2791","0,982","-0,037"
"2792","0,988","-0,038"
"2793","0,998","-0,040"
"2794","0,994","-0,041"
"2795","0,994","-0,042"
"2796","0,998","-0,044"
"2797","0,996","-0,046"
"2798","0,995","-0,047"
"2799","0,999","-0,049"
"2800","1,001","-0,051"
"2801","1,001","-0,052"
"2802","0,998","-0,054"
"2803","1,001","-0,056"
"2804","0,996","-0,057"
"2805","1,002","-0,059"
"2806","0,995","-0,061"
"2807","1,002","-0,062"
"2808","1,001","-0,064"
"2809","1,006","-0,066"
"2810","1,003","-0,067"
"2811","1,003","-0,069"
"2812","1,009","-0,071"
"2813","0,998","-0,072"
"2814","0,998","-0,074"
"2815","0,998","-0,076"
"2816","0,989","-0,077"
"2817","0,995","-0,079"
"2818","0,991","-0,081"
"2819","0,986","-0,083"
"2820","0,997","-0,084"
"2821","0,988","-0,086"
"2822","0,996","-0,087"
"2823","0,996","-0,089"
"2824","1,004","-0,090"
"2825","1,004","-0,092"
"2826","0,999","-0,094"
"2827","0,999","-0,096"
"2828","1,001","-0,097"
"2829","1,005","-0,099"
"2830","0,994","-0,101"
"2831","1,005","-0,102"
"2832","1,004","-0,104"
"2833","1,004","-0,105"
"2834","1,010","-0,106"
"2835","1,001","-0,109"
"2836","1,005","-0,110"
"2837","1,005","-0,112"
"2838","1,001","-0,114"
"2839","1,011","-0,115"
"2840","1,000","-0,117"
"2841","1,004","-0,119"
"2842","1,006","-0,120"
"2843","1,000","-0,122"
"2844","1,001","-0,124"
"2845","1,008","-0,125"
"2846","0,999","-0,127"
"2847","1,001","-0,129"
"2848","1,001","-0,130"
"2849","1,004","-0,132"
"2850","0,998","-0,134"
"2851","1,000","-0,135"
"2852","1,002","-0,136"
"2853","1,008","-0,138"
"2854","1,004","-0,140"
"2855","1,007","-0,141"
"2856","1,009","-0,143"
"2857","1,008","-0,145"
"2858","1,013","-0,146"
"2859","1,019","-0,148"
"2860","1,019","-0,149"
"2861","1,013","-0,151"
"2862","1,012","-0,153"
"2863","1,010","-0,154"
"2864","1,010","-0,156"
"2865","1,014","-0,158"
"2866","1,014","-0,159"
"2867","1,016","-0,160"
"2868","1,009","-0,163"
"2869","1,015","-0,164"
"2870","1,010","-0,166"
"2871","1,017","-0,167"
"2872","1,019","-0,169"
"2873","1,020","-0,170"
"2874","1,027","-0,172"
"2875","1,020","-0,174"
"2876","1,026","-0,174"
"2877","1,022","-0,177"
"2878","1,026","-0,178"
"2879","1,021","-0,180"
"2880","1,028","-0,182"
"2881","1,017","-0,183"
"2882","1,025","-0,184"
"2883","1,022","-0,186"
"2884","1,009","-0,188"
"2885","1,005","-0,190"
"2886","1,013","-0,191"
"2887","1,006","-0,193"
"2888","1,002","-0,194"
"2889","1,008","-0,196"
"2890","1,006","-0,198"
"2891","0,993","-0,199"
"2892","0,991","-0,201"
"2893","0,997","-0,203"
"2894","0,990","-0,204"
"2895","0,992","-0,206"
"2896","0,987","-0,208"
"2897","0,994","-0,209"
"2898","1,000","-0,211"
"2899","0,996","-0,213"
"2900","0,993","-0,214"
"2901","1,001","-0,216"
"2902","1,006","-0,217"
"2903","0,997","-0,219"
"2904","1,003","-0,220"
"2905","1,003","-0,222"
"2906","1,011","-0,223"
"2907","1,000","-0,225"
"2908","1,000","-0,227"
"2909","1,008","-0,228"
"2910","0,997","-0,231"
"2911","1,008","-0,232"
"2912","1,001","-0,233"
"2913","0,986","-0,235"
"2914","0,862","-0,237"
"2915","0,891","-0,237"
"2916","0,786","-0,236"
"2917","0,636","-0,235"
"2918","0,570","-0,235"
"2919","0,492","-0,235"
"2920","0,466","-0,236"
"2921","0,471","-0,239"
"2922","0,483","-0,241"
"2923","0,481","-0,244"
"2924","0,495","-0,245"
"2925","0,506","-0,248"
"2926","0,514","-0,250"
"2927","0,527","-0,252"
"2928","0,535","-0,254"
"2929","0,539","-0,256"
"2930","0,545","-0,258"
"2931","0,545","-0,260"
"2932","0,556","-0,262"
"2933","0,570","-0,263"
"2934","0,575","-0,265"
"2935","0,583","-0,267"
"2936","0,587","-0,268"
"2937","0,602","-0,270"
"2938","0,601","-0,271"
"2939","0,601","-0,273"
"2940","0,610","-0,275"
"2941","0,624","-0,277"
"2942","0,629","-0,278"
"2943","0,641","-0,280"
"2944","0,635","-0,281"
"2945","0,641","-0,283"
"2946","0,657","-0,285"
"2947","0,657","-0,286"
"2948","0,670","-0,287"
"2949","0,681","-0,289"
"2950","0,684","-0,291"
"2951","0,691","-0,292"
"2952","0,703","-0,294"
"2953","0,709","-0,296"
"2954","0,712","-0,297"
"2955","0,720","-0,299"
"2956","0,726","-0,300"
"2957","0,734","-0,302"
"2958","0,747","-0,303"
"2959","0,753","-0,304"
"2960","0,751","-0,306"
"2961","0,759","-0,308"
"2962","0,772","-0,309"
"2963","0,770","-0,311"
"2964","0,763","-0,313"
"2965","0,778","-0,315"
"2966","0,778","-0,316"
"2967","0,792","-0,318"
"2968","0,799","-0,319"
"2969","0,807","-0,320"
"2970","0,809","-0,322"
"2971","0,817","-0,324"
"2972","0,821","-0,325"
"2973","0,823","-0,327"
"2974","0,823","-0,329"
"2975","0,829","-0,330"
"2976","0,835","-0,332"
"2977","0,839","-0,334"
"2978","0,848","-0,335"
"2979","0,861","-0,336"
"2980","0,871","-0,338"
"2981","0,867","-0,340"
"2982","0,871","-0,341"
"2983","0,870","-0,343"
"2984","0,872","-0,345"
"2985","0,877","-0,346"
"2986","0,893","-0,347"
"2987","0,904","-0,349"
"2988","0,904","-0,351"
"2989","0,908","-0,352"
"2990","0,901","-0,354"
"2991","0,916","-0,355"
"2992","0,914","-0,357"
"2993","0,926","-0,358"
"2994","0,935","-0,360"
"2995","0,945","-0,361"
"2996","0,941","-0,363"
"2997","0,945","-0,364"
"2998","0,936","-0,366"
"2999","0,946","-0,368"
"3000","0,955","-0,369"
"3001","0,963","-0,370"
"3002","0,967","-0,372"
"3003","0,971","-0,374"
"3004","0,978","-0,375"
"3005","0,978","-0,376"
"3006","0,979","-0,378"
"3007","0,984","-0,380"
"3008","0,986","-0,381"
"3009","0,985","-0,383"
"3010","0,992","-0,385"
"3011","0,989","-0,386"
"3012","0,991","-0,388"
"3013","0,995","-0,390"
"3014","1,001","-0,391"
"3015","1,006","-0,393"
"3016","1,010","-0,394"
"3017","1,012","-0,396"
"3018","1,022","-0,397"
"3019","1,024","-0,398"
"3020","1,037","-0,399"
"3021","1,041","-0,401"
"3022","1,052","-0,403"
"3023","1,049","-0,404"
"3024","1,055","-0,406"
"3025","1,062","-0,407"
"3026","1,061","-0,409"
"3027","1,072","-0,410"
"3028","1,067","-0,412"
"3029","1,072","-0,413"
"3030","1,074","-0,415"
"3031","1,067","-0,417"
"3032","1,078","-0,418"
"3033","1,084","-0,420"
"3034","1,088","-0,421"
"3035","1,090","-0,423"
"3036","1,085","-0,425"
"3037","1,092","-0,426"
"3038","1,089","-0,427"
"3039","1,091","-0,430"
"3040","1,099","-0,431"
"3041","1,099","-0,432"
"3042","1,099","-0,434"
"3043","1,097","-0,436"
"3044","1,105","-0,437"
"3045","1,105","-0,439"
"3046","0,955","-0,440"
"3047","0,809","-0,441"
"3048","0,653","-0,441"
"3049","0,518","-0,442"
"3050","0,509","-0,444"
"3051","0,505","-0,446"
"3052","0,472","-0,447"
"3053","0,414","-0,449"
"3054","0,419","-0,452"
"3055","0,410","-0,454"
"3056","0,363","-0,456"
"3057","0,339","-0,460"
"3058","0,322","-0,461"
"3059","0,311","-0,463"
"3060","0,313","-0,466"
"3061","0,306","-0,468"
"3062","0,301","-0,470"
"3063","0,301","-0,472"
"3064","0,310","-0,474"
"3065","0,282","-0,475"
"3066","0,281","-0,478"
"3067","0,277","-0,478"
"3068","0,283","-0,480"
"3069","0,272","-0,482"
"3070","0,270","-0,484"
"3071","0,274","-0,485"
"3072","0,278","-0,487"
"3073","0,272","-0,489"
"3074","0,274","-0,490"
"3075","0,278","-0,492"
"3076","0,279","-0,494"
"3077","0,288","-0,495"
"3078","0,281","-0,497"
"3079","0,277","-0,499"
"3080","0,279","-0,500"
"3081","0,276","-0,503"
"3082","0,278","-0,504"
"3083","0,285","-0,505"
"3084","0,284","-0,507"
"3085","0,288","-0,508"
"3086","0,286","-0,510"
"3087","0,286","-0,512"
"3088","0,288","-0,513"
"3089","0,285","-0,515"
"3090","0,287","-0,516"
"3091","0,287","-0,518"
"3092","0,293","-0,519"
"3093","0,285","-0,522"
"3094","0,291","-0,523"
"3095","0,286","-0,524"
"3096","0,288","-0,526"
"3097","0,297","-0,527"
"3098","0,295","-0,528"
"3099","0,305","-0,530"
"3100","0,301","-0,531"
"3101","0,311","-0,533"
"3102","0,302","-0,535"
"3103","0,302","-0,536"
"3104","0,304","-0,537"
"3105","0,302","-0,540"
"3106","0,308","-0,541"
"3107","0,306","-0,542"
"3108","0,304","-0,544"
"3109","0,308","-0,546"
"3110","0,308","-0,547"
"3111","0,309","-0,549"
"3112","0,303","-0,550"
"3113","0,313","-0,551"
"3114","0,309","-0,553"
"3115","0,315","-0,555"
"3116","0,319","-0,556"
"3117","0,323","-0,558"
"3118","0,317","-0,559"
"3119","0,326","-0,560"
"3120","0,325","-0,562"
"3121","0,327","-0,564"
"3122","0,327","-0,565"
"3123","0,321","-0,567"
"3124","0,333","-0,568"
"3125","0,342","-0,569"
"3126","0,331","-0,571"
"3127","0,335","-0,573"
"3128","0,333","-0,574"
"3129","0,339","-0,577"
"3130","0,341","-0,578"
"3131","0,349","-0,579"
"3132","0,347","-0,580"
"3133","0,345","-0,582"
"3134","0,342","-0,584"
"3135","0,347","-0,585"
"3136","0,344","-0,587"
"3137","0,344","-0,588"
"3138","0,352","-0,590"
"3139","0,356","-0,591"
"3140","0,358","-0,592"
"3141","0,361","-0,594"
"3142","0,360","-0,595"
"3143","0,360","-0,597"
"3144","0,366","-0,598"
"3145","0,368","-0,599"
"3146","0,370","-0,601"
"3147","0,374","-0,603"
"3148","0,385","-0,604"
"3149","0,376","-0,605"
"3150","0,370","-0,607"
"3151","0,371","-0,609"
"3152","0,378","-0,610"
"3153","0,380","-0,612"
"3154","0,382","-0,613"
"3155","0,382","-0,614"
"3156","0,390","-0,616"
"3157","0,394","-0,617"
"3158","0,396","-0,619"
"3159","0,396","-0,620"
"3160","0,398","-0,622"
"3161","0,406","-0,623"
"3162","0,411","-0,625"
"3163","0,410","-0,626"
"3164","0,412","-0,627"
"3165","0,410","-0,629"
"3166","0,408","-0,631"
"3167","0,408","-0,632"
"3168","0,410","-0,634"
"3169","0,407","-0,635"
"3170","0,407","-0,637"
"3171","0,407","-0,638"
"3172","0,413","-0,640"
"3173","0,409","-0,641"
"3174","0,413","-0,642"
"3175","0,421","-0,644"
"3176","0,411","-0,645"
"3177","0,414","-0,648"
"3178","0,415","-0,648"
"3179","0,483","-0,649"
"3180","0,508","-0,649"
"3181","0,463","-0,650"
"3182","0,429","-0,652"
"3183","0,386","-0,655"
"3184","0,381","-0,657"
"3185","0,362","-0,660"
"3186","0,372","-0,663"
"3187","0,373","-0,665"
"3188","0,389","-0,667"
"3189","0,398","-0,669"
"3190","0,400","-0,671"
"3191","0,408","-0,673"
"3192","0,408","-0,675"
"3193","0,418","-0,677"
"3194","0,418","-0,678"
"3195","0,427","-0,680"
"3196","0,437","-0,682"
"3197","0,437","-0,683"
"3198","0,454","-0,685"
"3199","0,452","-0,686"
"3200","0,465","-0,688"
"3201","0,467","-0,690"
"3202","0,475","-0,691"
"3203","0,483","-0,693"
"3204","0,492","-0,694"
"3205","0,500","-0,696"
"3206","0,502","-0,697"
"3207","0,517","-0,699"
"3208","0,523","-0,700"
"3209","0,530","-0,702"
"3210","0,538","-0,703"
"3211","0,549","-0,705"
"3212","0,551","-0,706"
"3213","0,559","-0,708"
"3214","0,563","-0,710"
"3215","0,567","-0,711"
"3216","0,574","-0,713"
"3217","0,571","-0,715"
"3218","0,576","-0,716"
"3219","0,597","-0,718"
"3220","0,599","-0,719"
"3221","0,603","-0,721"
"3222","0,607","-0,722"
"3223","0,611","-0,724"
"3224","0,615","-0,725"
"3225","0,621","-0,727"
"3226","0,628","-0,729"
"3227","0,642","-0,730"
"3228","0,640","-0,732"
"3229","0,647","-0,733"
"3230","0,651","-0,735"
"3231","0,653","-0,736"
"3232","0,655","-0,738"
"3233","0,661","-0,740"
"3234","0,667","-0,741"
"3235","0,671","-0,743"
"3236","0,677","-0,744"
"3237","0,677","-0,746"
"3238","0,679","-0,748"
"3239","0,688","-0,749"
"3240","0,698","-0,751"
"3241","0,705","-0,752"
"3242","0,706","-0,754"
"3243","0,704","-0,755"
"3244","0,711","-0,757"
"3245","0,713","-0,758"
"3246","0,712","-0,760"
"3247","0,712","-0,762"
"3248","0,727","-0,763"
"3249","0,723","-0,765"
"3250","0,735","-0,766"
"3251","0,727","-0,768"
"3252","0,729","-0,770"
"3253","0,743","-0,771"
"3254","0,741","-0,772"
"3255","0,741","-0,774"
"3256","0,751","-0,776"
"3257","0,751","-0,777"
"3258","0,757","-0,779"
"3259","0,770","-0,779"
"3260","0,762","-0,781"
"3261","0,766","-0,783"
"3262","0,770","-0,785"
"3263","0,774","-0,786"
"3264","0,786","-0,787"
"3265","0,782","-0,789"
"3266","0,793","-0,790"
"3267","0,799","-0,792"
"3268","0,801","-0,793"
"3269","0,805","-0,794"
"3270","0,811","-0,796"
"3271","0,820","-0,797"
"3272","0,817","-0,799"
"3273","0,802","-0,801"
"3274","0,811","-0,803"
"3275","0,810","-0,804"
"3276","0,806","-0,806"
"3277","0,804","-0,807"
"3278","0,806","-0,809"
"3279","0,816","-0,810"
"3280","0,822","-0,812"
"3281","0,826","-0,813"
"3282","0,824","-0,815"
"3283","0,828","-0,817"
"3284","0,834","-0,818"
"3285","0,838","-0,819"
"3286","0,845","-0,821"
"3287","0,841","-0,822"
"3288","0,845","-0,824"
"3289","0,844","-0,825"
"3290","0,849","-0,827"
"3291","0,850","-0,828"
"3292","0,850","-0,830"
"3293","0,867","-0,831"
"3294","0,859","-0,833"
"3295","0,871","-0,834"
"3296","0,867","-0,836"
"3297","0,873","-0,837"
"3298","0,882","-0,838"
"3299","0,882","-0,840"
"3300","0,881","-0,842"
"3301","0,879","-0,843"
"3302","0,877","-0,845"
"3303","0,887","-0,846"
"3304","0,891","-0,848"
"3305","0,892","-0,849"
"3306","0,904","-0,851"
"3307","0,898","-0,852"
"3308","0,902","-0,854"
"3309","0,900","-0,855"
"3310","0,900","-0,857"
"3311","0,906","-0,858"
"3312","0,918","-0,860"
"3313","0,916","-0,861"
"3314","0,914","-0,862"
"3315","0,916","-0,865"
"3316","0,922","-0,866"
"3317","0,929","-0,867"
"3318","0,933","-0,869"
"3319","0,935","-0,870"
"3320","0,931","-0,871"
"3321","0,945","-0,873"
"3322","0,937","-0,875"
"3323","0,949","-0,876"
"3324","0,945","-0,878"
"3325","0,945","-0,879"
"3326","0,949","-0,880"
"3327","0,949","-0,882"
"3328","0,957","-0,883"
"3329","0,966","-0,885"
"3330","0,968","-0,886"
"3331","0,974","-0,888"
"3332","0,978","-0,889"
"3333","0,978","-0,891"
"3334","0,982","-0,892"
"3335","0,970","-0,894"
"3336","0,972","-0,896"
"3337","0,984","-0,897"
"3338","0,991","-0,898"
"3339","0,991","-0,900"
"3340","0,993","-0,901"
"3341","0,993","-0,903"
"3342","0,992","-0,904"
"3343","1,003","-0,906"
"3344","1,003","-0,907"
"3345","1,000","-0,909"
"3346","1,002","-0,910"
"3347","0,998","-0,912"
"3348","1,000","-0,914"
"3349","1,013","-0,915"
"3350","1,011","-0,916"
"3351","1,019","-0,918"
"3352","1,026","-0,919"
"3353","1,027","-0,920"
"3354","1,023","-0,922"
"3355","1,023","-0,923"
"3356","1,029","-0,925"
"3357","1,029","-0,927"
"3358","1,036","-0,928"
"3359","1,031","-0,929"
"3360","1,038","-0,931"
"3361","1,039","-0,932"
"3362","1,046","-0,933"
"3363","1,039","-0,936"
"3364","1,048","-0,937"
"3365","1,052","-0,938"
"3366","1,054","-0,940"
"3367","0,941","-0,943"
"3368","0,820","-0,943"
"3369","0,703","-0,942"
"3370","0,561","-0,942"
"3371","0,510","-0,944"
"3372","0,497","-0,947"
"3373","0,480","-0,949"
"3374","0,475","-0,951"
"3375","0,471","-0,954"
"3376","0,471","-0,956"
"3377","0,490","-0,958"
"3378","0,492","-0,960"
"3379","0,499","-0,962"
"3380","0,515","-0,963"
"3381","0,515","-0,965"
"3382","0,517","-0,966"
"3383","0,526","-0,968"
"3384","0,539","-0,970"
"3385","0,545","-0,971"
"3386","0,551","-0,972"
"3387","0,558","-0,974"
"3388","0,557","-0,975"
"3389","0,568","-0,976"
"3390","0,572","-0,978"
"3391","0,594","-0,979"
"3392","0,600","-0,980"
"3393","0,608","-0,982"
"3394","0,613","-0,983"
"3395","0,615","-0,985"
"3396","0,627","-0,987"
"3397","0,636","-0,988"
"3398","0,642","-0,989"
"3399","0,647","-0,991"
"3400","0,659","-0,992"
"3401","0,663","-0,994"
"3402","0,684","-0,995"
