Frequenz;Kanal B;Invertieren A
(ms);(V);(mV)

0,00000000;0,68050170;∞
0,04096000;0,68050170;∞
0,08192000;0,68050170;∞
0,12288000;0,69893490;∞
0,16384000;0,68050170;∞
0,20480000;0,68050170;∞
0,24576000;0,69893490;∞
0,28672000;0,68050170;∞
0,32768000;0,68050170;∞
0,36864000;0,68050170;∞
0,40960000;0,69893490;∞
0,45056000;0,68050170;∞
0,49152000;0,69893490;∞
0,53248000;0,68050170;∞
0,57344000;0,68050170;∞
0,61440000;0,68050170;∞
0,65536000;0,68050170;∞
0,69632000;0,69893490;∞
0,73728000;0,68050170;∞
0,77824000;0,68050170;∞
0,81920000;0,68050170;∞
0,86015999;0,68050170;∞
0,90111999;0,68050170;∞
0,94207999;0,68050170;∞
0,98303999;0,68050170;∞
1,02399999;0,68050170;∞
1,06495999;0,68050170;∞
1,10591999;0,68050170;∞
1,14687999;0,68050170;∞
1,18783999;0,68050170;∞
1,22879999;0,68050170;∞
1,26975999;0,66212960;∞
1,31071999;0,68050170;∞
1,35167999;0,68050170;∞
1,39263999;0,66212960;∞
1,43359999;0,66212960;∞
1,47455999;0,66212960;∞
1,51551999;0,66212960;∞
1,55647999;0,66212960;49,10886000
1,59743999;0,66212960;47,28538000
1,63839999;0,66212960;43,18217000
1,67935999;0,64375750;43,18217000
1,72031999;0,66212960;33,15378000
1,76127999;0,62532420;34,06476000
1,80223999;0,64375750;32,24128000
1,84319999;0,62532420;29,05057000
1,88415999;0,62532420;24,94736000
1,92511999;0,62532420;23,12387000
1,96607999;0,62532420;19,47691000
2,00703999;0,62532420;14,46119000
2,04799999;0,60695210;9,90173100
2,08895999;0,60695210;6,71102000
2,12991999;0,60695210;2,60780700
2,17087999;0,58851890;-0,12665180
2,21183999;0,58851890;-4,22833900
2,25279999;0,58851890;-8,33155300
2,29375999;0,57014680;-12,89102000
2,33471999;0,57014680;-17,44896000
2,37567999;0,55177460;-20,18494000
2,41663999;0,53334150;-24,74441000
2,45759999;0,49659720;-27,02414000
2,49855998;0,05511643;-30,21485000
2,53951998;0,05511643;-28,39137000
2,58047998;0,16547140;-29,30235000
2,62143998;0,18384350;-30,21485000
2,66239998;0,09192175;-29,30235000
2,70335998;0,03674429;-29,30235000
2,74431998;-0,00006104;-28,39137000
2,78527998;-0,01843318;-31,58208000
2,82623998;-0,03686636;-29,30235000
2,86719998;-0,07367168;-28,39137000
2,90815998;-0,09204382;-29,30235000
2,94911998;-0,12884910;-29,30235000
2,99007998;-0,16565450;-31,12583000
3,03103998;-0,18402660;-28,39137000
3,07199998;-0,22083190;-29,75860000
3,11295998;-0,25757620;-27,47886000
3,15391998;-0,27600940;-29,30235000
3,19487998;-0,29438150;-29,75860000
3,23583998;-0,33118690;-29,30235000
3,27679998;-0,34955900;-28,84762000
3,31775998;-0,38636430;-26,11164000
3,35871998;-0,42316960;-27,02414000
3,39967998;-0,44154180;-27,47886000
3,44063998;-0,45997500;-28,39137000
3,48159998;-0,49678030;-27,47886000
3,52255998;-0,51515250;-28,39137000
3,56351998;-0,55195780;-29,75860000
3,60447998;-0,57032990;-24,74441000
3,64543998;-0,60713520;-30,21485000
3,68639998;-0,62550740;-29,75860000
3,72735998;-0,62550740;-27,47886000
3,76831998;-0,66231270;-27,47886000
3,80927998;-0,68068480;-28,84762000
3,85023998;-0,69911800;-29,75860000
3,89119998;-0,71749010;-24,74441000
3,93215998;-0,75429550;-27,93512000
3,97311998;-0,75429550;-27,93512000
4,01407998;-0,77266760;-27,47886000
4,05503998;-0,79110080;-28,39137000
4,09599998;-0,80947290;-26,11164000
4,13695997;-0,80947290;-27,93512000
4,17791997;-0,84627830;-27,47886000
4,21887997;-0,86465040;-28,84762000
4,25983997;-0,86465040;-27,93512000
4,30079997;-0,90145580;-29,30235000
4,34175997;-0,90145580;-27,93512000
4,38271997;-0,91988890;-29,30235000
4,42367997;-0,91988890;-26,56789000
4,46463997;-0,95663320;-22,46467000
4,50559997;-0,95663320;-28,39137000
4,54655997;-0,95663320;-27,47886000
4,58751997;-0,95663320;-29,30235000
4,62847997;-0,99343850;-28,39137000
4,66943997;-0,99343850;-26,56789000
4,71039997;-0,99343850;-27,47886000
4,75135997;-0,99343850;-27,93512000
4,79231997;-1,01187200;-27,93512000
4,83327997;-1,01187200;-27,47886000
4,87423997;-1,01187200;-29,30235000
4,91519997;-1,01187200;-27,93512000
4,95615997;-1,03024400;-27,02414000
4,99711997;-1,03024400;-27,47886000
5,03807997;-1,03024400;-29,30235000
5,07903997;-1,03024400;-27,47886000
5,11999997;-1,03024400;-25,65539000
5,16095997;-1,03024400;-27,93512000
5,20191997;-1,03024400;-30,21485000
5,24287997;-1,01187200;-27,47886000
5,28383997;-1,01187200;-29,30235000
5,32479997;-1,01187200;-27,93512000
5,36575997;-1,01187200;-29,30235000
5,40671997;-1,01187200;-29,30235000
5,44767997;-0,99343850;-29,75860000
5,48863997;-0,99343850;-26,56789000
5,52959997;-0,97506640;-28,39137000
5,57055997;-0,97506640;-27,93512000
5,61151997;-0,95663320;-27,93512000
5,65247997;-0,93826100;-27,47886000
5,69343997;-0,93826100;-27,93512000
5,73439997;-0,91988890;-29,75860000
5,77535996;-0,91988890;-27,47886000
5,81631996;-0,90145580;-27,02414000
5,85727996;-0,88308360;-27,93512000
5,89823996;-0,86465040;-28,39137000
5,93919996;-0,84627830;-27,47886000
5,98015996;-0,84627830;-27,47886000
6,02111996;-0,80947290;-27,47886000
6,06207996;-0,80947290;-27,47886000
6,10303996;-0,79110080;-27,47886000
6,14399996;-0,75429550;-29,30235000
6,18495996;-0,75429550;-28,39137000
6,22591996;-0,73592330;-29,30235000
6,26687996;-0,71749010;-26,56789000
6,30783996;-0,69911800;-25,65539000
6,34879996;-0,66231270;-24,74441000
6,38975996;-0,64394060;-27,47886000
6,43071996;-0,62550740;-28,39137000
6,47167996;-0,60713520;-28,39137000
6,51263996;-0,58876310;-28,39137000
6,55359996;-0,55195780;-28,39137000
6,59455996;-0,53352460;-29,75860000
6,63551996;-0,51515250;-27,02414000
6,67647996;-0,47834710;-25,19913000
6,71743996;-0,45997500;-29,30235000
6,75839996;-0,42316960;-28,84762000
6,79935996;-0,40479750;-27,93512000
6,84031996;-0,36799220;-26,56789000
6,88127996;-0,33118690;-28,39137000
6,92223996;-0,31281470;-29,75860000
6,96319996;-0,29438150;-27,02414000
7,00415996;-0,25757620;-28,84762000
7,04511996;-0,23920410;-25,65539000
7,08607996;-0,20239870;-27,47886000
7,12703996;-0,18402660;-28,39137000
7,16799996;-0,14722130;-26,56789000
7,20895996;-0,12884910;-29,30235000
7,24991996;-0,11041600;-27,47886000
7,29087996;-0,07367168;-27,93512000
7,33183996;-0,03686636;-28,39137000
7,37279996;-0,00006104;-26,11164000
7,41375995;0,03674429;-29,30235000
7,45471995;0,05511643;-27,02414000
7,49567995;0,09192175;-26,11164000
7,53663995;0,11029390;-27,93512000
7,57759995;0,14709920;-27,93512000
7,61855995;0,18384350;-28,84762000
7,65951995;0,18384350;-27,02414000
7,70047995;0,23902100;-27,93512000
7,74143995;0,27582630;-27,47886000
7,78239995;0,27582630;-27,47886000
7,82335995;0,33100380;-27,47886000
7,86431995;0,36780910;-27,02414000
7,90527995;0,38618120;-27,47886000
7,94623995;0,40461440;-26,56789000
7,98719995;0,44135870;-27,47886000
8,02815995;0,45979190;-29,30235000
8,06911995;0,47816400;-26,56789000
8,11007995;0,49659720;-27,47886000
8,15103995;0,51496930;-27,47886000
8,19199995;0,53334150;-27,93512000
8,23295995;0,55177460;-26,56789000
8,27391995;0,55177460;-25,65539000
8,31487995;0,55177460;-24,74441000
8,35583995;0,57014680;-20,18494000
8,39679995;0,57014680;-22,00842000
8,43775995;0,58851890;-19,72869000
8,47871995;0,58851890;-18,81771000
8,51967995;0,58851890;-16,08173000
8,56063995;0,58851890;-12,89102000
8,60159995;0,58851890;-15,62548000
8,64255995;0,60695210;-9,24405700
8,68351995;0,60695210;-8,33155300
8,72447995;0,60695210;-5,14084300
8,76543995;0,62532420;-3,31888800
8,80639995;0,60695210;-1,03915500
8,84735995;0,62532420;2,15155500
8,88831995;0,62532420;4,43128700
8,92927995;0,62532420;7,16727200
8,97023995;0,62532420;9,90173100
9,01119995;0,62532420;12,18146000
9,05215994;0,64375750;14,46119000
9,09311994;0,64375750;19,02066000
9,13407994;0,66212960;21,30039000
9,17503994;0,64375750;21,30039000
9,21599994;0,64375750;26,31458000
9,25695994;0,66212960;27,22709000
9,29791994;0,66212960;31,32878000
9,33887994;0,66212960;32,69753000
9,37983994;0,66212960;36,80074000
9,42079994;0,66212960;38,16797000
9,46175994;0,66212960;41,35868000
9,50271994;0,68050170;42,72744000
9,54367994;0,68050170;45,00565000
9,58463994;0,66212960;∞
9,62559994;0,68050170;∞
9,66655994;0,68050170;∞
9,70751994;0,68050170;∞
9,74847994;0,68050170;∞
9,78943994;0,68050170;∞
9,83039994;0,68050170;∞
9,87135994;0,68050170;∞
9,91231994;0,68050170;∞
9,95327994;0,68050170;∞
9,99423994;0,68050170;∞
10,03519994;0,68050170;∞
10,07615994;0,68050170;∞
10,11711994;0,69893490;∞
10,15807994;0,68050170;∞
10,19903994;0,69893490;∞
10,23999994;0,69893490;∞
10,28095994;0,68050170;∞
10,32191994;0,69893490;∞
10,36287994;0,69893490;∞
10,40383994;0,68050170;∞
10,44479994;0,69893490;∞
10,48575994;0,69893490;∞
10,52671994;0,69893490;∞
10,56767994;0,69893490;∞
10,60863994;0,68050170;∞
10,64959994;0,68050170;∞
10,69055994;0,68050170;∞
10,73151993;0,68050170;∞
10,77247993;0,69893490;∞
10,81343993;0,68050170;∞
10,85439993;0,69893490;∞
10,89535993;0,68050170;∞
10,93631993;0,68050170;∞
10,97727993;0,68050170;∞
11,01823993;0,68050170;∞
11,05919993;0,68050170;∞
11,10015993;0,68050170;∞
11,14111993;0,68050170;∞
11,18207993;0,68050170;∞
11,22303993;0,68050170;∞
11,26399993;0,68050170;∞
11,30495993;0,68050170;∞
11,34591993;0,68050170;∞
11,38687993;0,66212960;∞
11,42783993;0,66212960;∞
11,46879993;0,66212960;∞
11,50975993;0,66212960;∞
11,55071993;0,66212960;∞
11,59167993;0,66212960;48,65413000
11,63263993;0,66212960;44,09467000
11,67359993;0,66212960;41,35868000
11,71455993;0,64375750;37,71172000
11,75551993;0,64375750;35,43199000
11,79647993;0,64375750;32,69753000
11,83743993;0,62532420;27,22709000
11,87839993;0,62532420;25,40361000
11,91935993;0,62532420;22,66762000
11,96031993;0,62532420;17,65191000
12,00127993;0,62532420;14,00494000
12,04223993;0,62532420;10,81423000
12,08319993;0,60695210;7,62352400
12,12415993;0,60695210;2,60780700
12,16511993;0,60695210;-0,12665180
12,20607993;0,58851890;-2,86263600
12,24703993;0,58851890;-8,78780500
12,28799993;0,58851890;-12,89102000
12,32895993;0,57014680;-16,53798000
12,36991992;0,55177460;-21,09744000
12,41087992;0,55177460;-24,74441000
12,45183992;0,51496930;-27,47886000
12,49279992;-0,03686636;-30,21485000
12,53375992;0,18384350;-30,21485000
12,57471992;0,25739310;-31,58208000
12,61567992;0,16547140;-31,12583000
12,65663992;0,07354961;-28,39137000
12,69759992;0,03674429;-29,75860000
12,73855992;0,01831111;-27,47886000
12,77951992;-0,00006104;-29,30235000
12,82047992;-0,03686636;-28,39137000
12,86143992;-0,07367168;-29,75860000
12,90239992;-0,09204382;-27,47886000
12,94335992;-0,11041600;-31,58208000
12,98431992;-0,14722130;-29,75860000
13,02527992;-0,18402660;-30,21485000
13,06623992;-0,20239870;-28,39137000
13,10719992;-0,22083190;-27,47886000
13,14815992;-0,25757620;-29,75860000
13,18911992;-0,29438150;-27,93512000
13,23007992;-0,31281470;-29,30235000
13,27103992;-0,34955900;-28,39137000
13,31199992;-0,36799220;-33,86181000
13,35295992;-0,40479750;-31,12583000
13,39391992;-0,42316960;-28,39137000
13,43487992;-0,45997500;-27,93512000
13,47583992;-0,47834710;-29,30235000
13,51679992;-0,51515250;-29,30235000
13,55775992;-0,55195780;-27,47886000
13,59871992;-0,55195780;-27,93512000
13,63967992;-0,60713520;-27,47886000
13,68063992;-0,60713520;-27,47886000
13,72159992;-0,62550740;-26,56789000
13,76255992;-0,64394060;-28,39137000
13,80351992;-0,66231270;-28,39137000
13,84447992;-0,69911800;-29,30235000
13,88543992;-0,71749010;-31,12583000
13,92639992;-0,73592330;-29,75860000
13,96735992;-0,75429550;-29,30235000
14,00831991;-0,77266760;-29,75860000
14,04927991;-0,79110080;-24,74441000
14,09023991;-0,80947290;-29,30235000
14,13119991;-0,82790610;-27,47886000
14,17215991;-0,84627830;-27,93512000
14,21311991;-0,84627830;-28,84762000
14,25407991;-0,86465040;-29,30235000
14,29503991;-0,88308360;-29,30235000
14,33599991;-0,90145580;-29,30235000
14,37695991;-0,91988890;-27,93512000
14,41791991;-0,91988890;-27,93512000
14,45887991;-0,93826100;-27,47886000
14,49983991;-0,95663320;-27,47886000
14,54079991;-0,95663320;-27,02414000
14,58175991;-0,95663320;-28,39137000
14,62271991;-0,97506640;-29,30235000
14,66367991;-0,99343850;-27,02414000
14,70463991;-0,99343850;-29,75860000
14,74559991;-1,01187200;-27,93512000
14,78655991;-1,01187200;-27,02414000
14,82751991;-1,01187200;-29,30235000
14,86847991;-1,01187200;-27,93512000
14,90943991;-1,01187200;-27,47886000
14,95039991;-1,03024400;-28,39137000
14,99135991;-1,03024400;-29,30235000
15,03231991;-1,03024400;-26,11164000
15,07327991;-1,03024400;-28,39137000
15,11423991;-1,03024400;-29,30235000
15,15519991;-1,01187200;-28,39137000
15,19615991;-1,03024400;-27,47886000
15,23711991;-1,01187200;-27,93512000
15,27807991;-1,01187200;-26,56789000
15,31903991;-1,01187200;-27,47886000
15,35999991;-1,01187200;-29,30235000
15,40095991;-0,99343850;-29,30235000
15,44191991;-0,99343850;-27,93512000
15,48287991;-0,99343850;-27,47886000
15,52383991;-0,97506640;-32,03833000
15,56479991;-0,95663320;-29,75860000
15,60575991;-0,95663320;-26,11164000
15,64671990;-0,95663320;-30,21485000
15,68767990;-0,93826100;-28,39137000
15,72863990;-0,91988890;-29,75860000
15,76959990;-0,91988890;-26,11164000
15,81055990;-0,90145580;-28,39137000
15,85151990;-0,88308360;-29,30235000
15,89247990;-0,88308360;-28,84762000
15,93343990;-0,84627830;-27,93512000
15,97439990;-0,84627830;-27,47886000
16,01535990;-0,82790610;-27,47886000
16,05631990;-0,80947290;-28,84762000
16,09727990;-0,79110080;-28,39137000
16,13823990;-0,77266760;-27,02414000
16,17919990;-0,75429550;-28,84762000
16,22015990;-0,73592330;-30,21485000
16,26111990;-0,71749010;-29,30235000
16,30207990;-0,69911800;-28,39137000
16,34303990;-0,66231270;-27,02414000
16,38399990;-0,66231270;-26,11164000
16,42495990;-0,62550740;-27,02414000
16,46591990;-0,62550740;-27,47886000
16,50687990;-0,58876310;-27,93512000
16,54783990;-0,57032990;-25,65539000
16,58879990;-0,53352460;-31,12583000
16,62975990;-0,51515250;-30,67110000
16,67071990;-0,47834710;-26,11164000
16,71167990;-0,45997500;-28,39137000
16,75263990;-0,42316960;-27,93512000
16,79359990;-0,40479750;-29,30235000
16,83455990;-0,36799220;-30,21485000
16,87551990;-0,34955900;-27,02414000
16,91647990;-0,33118690;-25,65539000
16,95743990;-0,29438150;-27,47886000
16,99839990;-0,27600940;-27,47886000
17,03935990;-0,23920410;-27,47886000
17,08031990;-0,22083190;-27,47886000
17,12127990;-0,18402660;-27,47886000
17,16223990;-0,14722130;-27,93512000
17,20319990;-0,12884910;-25,65539000
17,24415990;-0,11041600;-28,39137000
17,28511989;-0,07367168;-26,56789000
17,32607989;-0,03686636;-28,39137000
17,36703989;-0,01843318;-27,02414000
17,40799989;0,03674429;-25,65539000
17,44895989;0,03674429;-30,67110000
17,48991989;0,09192175;-26,56789000
17,53087989;0,11029390;-27,47886000
17,57183989;0,14709920;-27,47886000
17,61279989;0,16547140;-27,93512000
17,65375989;0,18384350;-27,93512000
17,69471989;0,22064880;-24,74441000
17,73567989;0,25739310;-25,65539000
17,77663989;0,29419840;-27,47886000
17,81759989;0,33100380;-27,47886000
17,85855989;0,36780910;-28,84762000
17,89951989;0,38618120;-27,47886000
17,94047989;0,40461440;-29,30235000
17,98143989;0,42298650;-27,93512000
18,02239989;0,45979190;-29,30235000
18,06335989;0,47816400;-27,47886000
18,10431989;0,49659720;-27,02414000
18,14527989;0,51496930;-27,02414000
18,18623989;0,53334150;-27,47886000
18,22719989;0,53334150;-25,65539000
18,26815989;0,55177460;-24,74441000
18,30911989;0,55177460;-24,74441000
18,35007989;0,57014680;-22,92093000
18,39103989;0,57014680;-20,64119000
18,43199989;0,57014680;-19,72869000
18,47295989;0,58851890;-18,36146000
18,51391989;0,58851890;-16,99423000
18,55487989;0,60695210;-13,80200000
18,59583989;0,60695210;-11,97851000
18,63679989;0,60695210;-11,52379000
18,67775989;0,62532420;-8,33155300
18,71871989;0,62532420;-6,50807200
18,75967989;0,62532420;-1,95013300
18,80063989;0,62532420;-0,12665180
18,84159989;0,62532420;-0,58290350
18,88255989;0,62532420;3,97656200
18,92351988;0,62532420;7,16727200
18,96447988;0,62532420;8,99075300
19,00543988;0,62532420;11,72674000
19,04639988;0,64375750;14,46119000
19,08735988;0,64375750;18,56441000
19,12831988;0,64375750;19,02066000
19,16927988;0,66212960;22,66762000
19,21023988;0,66212960;25,40361000
19,25119988;0,66212960;27,22709000
19,29215988;0,66212960;30,87405000
19,33311988;0,66212960;35,88824000
19,37407988;0,66212960;36,80074000
19,41503988;0,66212960;39,53520000
19,45599988;0,66212960;41,35868000
19,49695988;0,68050170;45,00565000
19,53791988;0,66212960;45,46190000
19,57887988;0,68050170;46,37440000
19,61983988;0,68050170;∞
19,66079988;0,68050170;∞
19,70175988;0,68050170;∞
19,74271988;0,68050170;∞
19,78367988;0,68050170;∞
19,82463988;0,68050170;∞
19,86559988;0,68050170;∞
19,90655988;0,68050170;∞
19,94751988;0,68050170;∞
19,98847988;0,68050170;∞
20,02943988;0,68050170;∞
20,07039988;0,68050170;∞
20,11135988;0,68050170;∞
20,15231988;0,68050170;∞
20,19327988;0,68050170;∞
20,23423988;0,68050170;∞
20,27519988;0,68050170;∞
20,31615988;0,68050170;∞
20,35711988;0,68050170;∞
20,39807988;0,69893490;∞
20,43903988;0,68050170;∞
20,47999988;0,69893490;∞
20,52095988;0,69893490;∞
20,56191988;0,69893490;∞
20,60287987;0,68050170;∞
20,64383987;0,68050170;∞
20,68479987;0,68050170;∞
20,72575987;0,68050170;∞
20,76671987;0,68050170;∞
20,80767987;0,68050170;∞
20,84863987;0,68050170;∞
20,88959987;0,68050170;∞
20,93055987;0,68050170;∞
20,97151987;0,68050170;∞
21,01247987;0,68050170;∞
21,05343987;0,68050170;∞
21,09439987;0,68050170;∞
21,13535987;0,68050170;∞
21,17631987;0,68050170;∞
21,21727987;0,68050170;∞
21,25823987;0,68050170;∞
21,29919987;0,68050170;∞
21,34015987;0,66212960;∞
21,38111987;0,66212960;∞
21,42207987;0,66212960;∞
21,46303987;0,66212960;∞
21,50399987;0,66212960;∞
21,54495987;0,66212960;∞
21,58591987;0,64375750;47,28538000
21,62687987;0,66212960;40,90396000
21,66783987;0,66212960;40,90396000
21,70879987;0,64375750;38,16797000
21,74975987;0,64375750;36,34449000
21,79071987;0,64375750;31,78503000
21,83167987;0,62532420;27,68181000
21,87263987;0,62532420;25,85833000
21,91359987;0,62532420;22,21137000
21,95455987;0,62532420;19,47691000
21,99551987;0,62532420;14,00494000
22,03647987;0,62532420;10,81423000
22,07743987;0,60695210;7,16727200
22,11839987;0,60695210;4,43128700
22,15935987;0,60695210;0,78432570
22,20031987;0,58851890;-5,14084300
22,24127986;0,58851890;-8,78780500
22,28223986;0,58851890;-11,97851000
22,32319986;0,57014680;-16,53798000
22,36415986;0,57014680;-19,72869000
22,40511986;0,55177460;-24,28815000
22,44607986;0,51496930;-27,47886000
22,48703986;-0,01843318;-29,30235000
22,52799986;0,25739310;-28,39137000
22,56895986;0,25739310;-29,30235000
22,60991986;0,12872710;-27,93512000
22,65087986;0,07354961;-29,30235000
22,69183986;0,03674429;-28,39137000
22,73279986;0,03674429;-30,21485000
22,77375986;0,01831111;-29,75860000
22,81471986;-0,03686636;-27,47886000
22,85567986;-0,05523850;-29,75860000
22,89663986;-0,09204382;-27,93512000
22,93759986;-0,11041600;-27,93512000
22,97855986;-0,14722130;-29,30235000
23,01951986;-0,18402660;-28,84762000
23,06047986;-0,20239870;-27,93512000
23,10143986;-0,22083190;-30,67110000
23,14239986;-0,25757620;-30,21485000
23,18335986;-0,27600940;-29,30235000
23,22431986;-0,33118690;-27,47886000
23,26527986;-0,34955900;-29,30235000
23,30623986;-0,36799220;-31,12583000
23,34719986;-0,40479750;-29,75860000
23,38815986;-0,42316960;-27,93512000
23,42911986;-0,45997500;-29,75860000
23,47007986;-0,47834710;-30,21485000
23,51103986;-0,51515250;-29,30235000
23,55199986;-0,55195780;-28,84762000
23,59295986;-0,57032990;-29,30235000
23,63391986;-0,58876310;-29,75860000
23,67487986;-0,60713520;-29,75860000
23,71583986;-0,62550740;-28,39137000
23,75679986;-0,66231270;-27,93512000
23,79775986;-0,66231270;-29,75860000
23,83871986;-0,69911800;-27,93512000
23,87967985;-0,71749010;-29,30235000
23,92063985;-0,73592330;-29,30235000
23,96159985;-0,75429550;-29,30235000
24,00255985;-0,77266760;-30,21485000
24,04351985;-0,79110080;-29,75860000
24,08447985;-0,80947290;-27,93512000
24,12543985;-0,80947290;-30,21485000
24,16639985;-0,84627830;-23,83190000
24,20735985;-0,84627830;-29,75860000
24,24831985;-0,86465040;-27,93512000
24,28927985;-0,88308360;-29,75860000
24,33023985;-0,90145580;-27,47886000
24,37119985;-0,91988890;-28,84762000
24,41215985;-0,91988890;-28,39137000
24,45311985;-0,93826100;-28,39137000
24,49407985;-0,95663320;-27,47886000
24,53503985;-0,95663320;-29,30235000
24,57599985;-0,97506640;-29,75860000
24,61695985;-0,99343850;-28,39137000
24,65791985;-0,99343850;-27,93512000
24,69887985;-0,99343850;-28,39137000
24,73983985;-0,99343850;-29,75860000
24,78079985;-0,99343850;-27,93512000
24,82175985;-1,01187200;-26,56789000
24,86271985;-1,01187200;-27,93512000
24,90367985;-1,01187200;-28,39137000
24,94463985;-1,01187200;-28,39137000
24,98559985;-1,03024400;-26,56789000
25,02655985;-1,01187200;-29,75860000
25,06751985;-1,03024400;-25,19913000
25,10847985;-1,01187200;-27,02414000
25,14943985;-1,03024400;-29,75860000
25,19039985;-1,01187200;-27,93512000
25,23135985;-1,01187200;-27,93512000
25,27231985;-1,01187200;-28,39137000
25,31327985;-1,01187200;-27,47886000
25,35423985;-1,01187200;-26,11164000
25,39519985;-1,01187200;-24,74441000
25,43615985;-0,99343850;-28,39137000
25,47711985;-0,99343850;-27,93512000
25,51807984;-0,99343850;-27,02414000
25,55903984;-0,95663320;-29,30235000
25,59999984;-0,95663320;-27,47886000
25,64095984;-0,93826100;-29,75860000
25,68191984;-0,93826100;-27,47886000
25,72287984;-0,91988890;-30,21485000
25,76383984;-0,91988890;-27,02414000
25,80479984;-0,90145580;-27,47886000
25,84575984;-0,88308360;-28,39137000
25,88671984;-0,86465040;-27,02414000
25,92767984;-0,86465040;-27,93512000
25,96863984;-0,84627830;-28,39137000
26,00959984;-0,80947290;-29,75860000
26,05055984;-0,80947290;-26,11164000
26,09151984;-0,79110080;-30,21485000
26,13247984;-0,77266760;-27,47886000
26,17343984;-0,75429550;-29,30235000
26,21439984;-0,73592330;-29,30235000
26,25535984;-0,71749010;-31,12583000
26,29631984;-0,69911800;-26,11164000
26,33727984;-0,66231270;-28,39137000
26,37823984;-0,66231270;-27,93512000
26,41919984;-0,62550740;-27,93512000
26,46015984;-0,60713520;-29,30235000
26,50111984;-0,58876310;-30,21485000
26,54207984;-0,57032990;-28,39137000
26,58303984;-0,55195780;-27,02414000
26,62399984;-0,51515250;-26,11164000
26,66495984;-0,49678030;-27,93512000
26,70591984;-0,45997500;-26,11164000
26,74687984;-0,44154180;-26,11164000
26,78783984;-0,40479750;-30,21485000
26,82879984;-0,36799220;-27,47886000
26,86975984;-0,34955900;-26,56789000
26,91071984;-0,33118690;-27,47886000
26,95167984;-0,31281470;-28,84762000
26,99263984;-0,27600940;-26,11164000
27,03359984;-0,23920410;-29,30235000
27,07455984;-0,22083190;-28,84762000
27,11551984;-0,18402660;-26,56789000
27,15647983;-0,16565450;-27,02414000
27,19743983;-0,12884910;-26,56789000
27,23839983;-0,11041600;-27,02414000
27,27935983;-0,07367168;-28,84762000
27,32031983;-0,03686636;-27,02414000
27,36127983;-0,01843318;-28,39137000
27,40223983;0,01831111;-28,39137000
27,44319983;0,03674429;-27,47886000
27,48415983;0,09192175;-28,39137000
27,52511983;0,11029390;-29,75860000
27,56607983;0,12872710;-27,47886000
27,60703983;0,16547140;-28,39137000
27,64799983;0,18384350;-27,93512000
27,68895983;0,23902100;-28,39137000
27,72991983;0,25739310;-29,30235000
27,77087983;0,27582630;-27,02414000
27,81183983;0,33100380;-29,30235000
27,85279983;0,34937590;-26,11164000
27,89375983;0,36780910;-27,47886000
27,93471983;0,40461440;-30,21485000
27,97567983;0,42298650;-25,65539000
28,01663983;0,45979190;-27,93512000
28,05759983;0,47816400;-25,65539000
28,09855983;0,49659720;-26,56789000
28,13951983;0,51496930;-25,65539000
28,18047983;0,53334150;-25,65539000
28,22143983;0,53334150;-25,65539000
28,26239983;0,55177460;-24,74441000
28,30335983;0,55177460;-22,92093000
28,34431983;0,55177460;-22,00842000
28,38527983;0,57014680;-21,09744000
28,42623983;0,57014680;-18,81771000
28,46719983;0,58851890;-18,36146000
28,50815983;0,58851890;-15,17075000
28,54911983;0,58851890;-13,80200000
28,59007983;0,60695210;-13,80200000
28,63103983;0,60695210;-11,06754000
28,67199983;0,60695210;-9,24405700
28,71295983;0,60695210;-4,68459100
28,75391983;0,62532420;-2,86263600
28,79487983;0,62532420;-1,03915500
28,83583982;0,62532420;0,78432570
28,87679982;0,62532420;2,60780700
28,91775982;0,62532420;7,16727200
28,95871982;0,62532420;10,81423000
28,99967982;0,62532420;11,72674000
29,04063982;0,62532420;14,00494000
29,08159982;0,64375750;17,19718000
29,12255982;0,66212960;19,93164000
29,16351982;0,66212960;22,66762000
29,20447982;0,66212960;26,77084000
29,24543982;0,64375750;27,68181000
29,28639982;0,66212960;29,96155000
29,32735982;0,66212960;34,06476000
29,36831982;0,66212960;35,88824000
29,40927982;0,66212960;38,16797000
29,45023982;0,66212960;42,72744000
29,49119982;0,68050170;44,55092000
29,53215982;0,66212960;46,37440000
29,57311982;0,68050170;∞
29,61407982;0,68050170;49,10886000
29,65503982;0,68050170;∞
29,69599982;0,68050170;∞
29,73695982;0,68050170;∞
29,77791982;0,68050170;∞
29,81887982;0,68050170;∞
29,85983982;0,68050170;∞
29,90079982;0,68050170;∞
29,94175982;0,68050170;∞
29,98271982;0,68050170;∞
30,02367982;0,68050170;∞
30,06463982;0,68050170;∞
30,10559982;0,68050170;∞
30,14655982;0,68050170;∞
30,18751982;0,69893490;∞
30,22847982;0,69893490;∞
30,26943982;0,68050170;∞
30,31039982;0,68050170;∞
30,35135982;0,68050170;∞
30,39231982;0,68050170;∞
30,43327982;0,68050170;∞
30,47423981;0,69893490;∞
30,51519981;0,69893490;∞
30,55615981;0,68050170;∞
30,59711981;0,68050170;∞
30,63807981;0,69893490;∞
30,67903981;0,69893490;∞
30,71999981;0,68050170;∞
30,76095981;0,68050170;∞
30,80191981;0,68050170;∞
30,84287981;0,68050170;∞
30,88383981;0,68050170;∞
30,92479981;0,68050170;∞
30,96575981;0,68050170;∞
31,00671981;0,68050170;∞
31,04767981;0,68050170;∞
31,08863981;0,68050170;∞
31,12959981;0,66212960;∞
31,17055981;0,68050170;∞
31,21151981;0,68050170;∞
31,25247981;0,68050170;∞
31,29343981;0,68050170;∞
31,33439981;0,66212960;∞
31,37535981;0,66212960;∞
31,41631981;0,68050170;∞
31,45727981;0,66212960;∞
31,49823981;0,66212960;∞
31,53919981;0,66212960;∞
31,58015981;0,64375750;48,19788000
31,62111981;0,66212960;45,46190000
31,66207981;0,64375750;43,63842000
31,70303981;0,66212960;39,07895000
31,74399981;0,64375750;35,43199000
31,78495981;0,64375750;32,69753000
31,82591981;0,62532420;29,05057000
31,86687981;0,62532420;26,77084000
31,90783981;0,62532420;23,57860000
31,94879981;0,62532420;19,47691000
31,98975981;0,62532420;14,00494000
32,03071981;0,62532420;11,27048000
32,07167981;0,60695210;8,53450100
32,11263980;0,60695210;6,25476800
32,15359980;0,60695210;-0,12665180
32,19455980;0,58851890;-4,68459100
32,23551980;0,58851890;-6,50807200
32,27647980;0,58851890;-10,15503000
32,31743980;0,57014680;-13,34727000
32,35839980;0,57014680;-19,27396000
32,39935980;0,55177460;-22,46467000
32,44031980;0,53334150;-26,56789000
32,48127980;0,25739310;-28,39137000
32,52223980;0,36780910;-29,75860000
32,56319980;0,22064880;-27,93512000
32,60415980;0,09192175;-29,30235000
32,64511980;0,07354961;-27,47886000
32,68607980;0,07354961;-30,21485000
32,72703980;0,05511643;-27,47886000
32,76799980;-0,00006104;-29,30235000
32,80895980;-0,03686636;-27,02414000
32,84991980;-0,05523850;-29,30235000
32,89087980;-0,07367168;-27,93512000
32,93183980;-0,11041600;-28,39137000
32,97279980;-0,14722130;-29,30235000
33,01375980;-0,18402660;-27,93512000
33,05471980;-0,20239870;-29,30235000
33,09567980;-0,22083190;-28,39137000
33,13663980;-0,25757620;-28,39137000
33,17759980;-0,27600940;-27,93512000
33,21855980;-0,31281470;-29,30235000
33,25951980;-0,34955900;-28,84762000
33,30047980;-0,36799220;-29,30235000
33,34143980;-0,40479750;-29,75860000
33,38239980;-0,42316960;-28,84762000
33,42335980;-0,44154180;-30,21485000
33,46431980;-0,47834710;-30,21485000
33,50527980;-0,51515250;-28,39137000
33,54623980;-0,53352460;-27,93512000
33,58719980;-0,55195780;-26,11164000
33,62815980;-0,58876310;-29,30235000
33,66911980;-0,60713520;-27,93512000
33,71007980;-0,62550740;-29,75860000
33,75103979;-0,64394060;-28,39137000
33,79199979;-0,66231270;-27,93512000
33,83295979;-0,69911800;-28,84762000
33,87391979;-0,71749010;-27,47886000
33,91487979;-0,71749010;-29,75860000
33,95583979;-0,75429550;-27,93512000
33,99679979;-0,77266760;-31,12583000
34,03775979;-0,79110080;-28,39137000
34,07871979;-0,80947290;-29,75860000
34,11967979;-0,80947290;-29,75860000
34,16063979;-0,84627830;-30,21485000
34,20159979;-0,84627830;-29,75860000
34,24255979;-0,86465040;-27,93512000
34,28351979;-0,88308360;-28,84762000
34,32447979;-0,90145580;-27,93512000
34,36543979;-0,91988890;-29,75860000
34,40639979;-0,91988890;-27,47886000
34,44735979;-0,93826100;-30,21485000
34,48831979;-0,93826100;-27,93512000
34,52927979;-0,95663320;-25,65539000
34,57023979;-0,95663320;-27,47886000
34,61119979;-0,99343850;-27,47886000
34,65215979;-0,99343850;-28,84762000
34,69311979;-0,99343850;-23,37565000
34,73407979;-0,99343850;-28,39137000
34,77503979;-1,01187200;-29,75860000
34,81599979;-1,01187200;-28,39137000
34,85695979;-1,01187200;-27,93512000
34,89791979;-1,01187200;-27,93512000
34,93887979;-1,01187200;-28,39137000
34,97983979;-1,03024400;-30,21485000
35,02079979;-1,03024400;-28,39137000
35,06175979;-1,03024400;-27,02414000
35,10271979;-1,03024400;-27,47886000
35,14367979;-1,03024400;-27,93512000
35,18463979;-1,03024400;-26,56789000
35,22559979;-1,01187200;-27,93512000
35,26655979;-1,01187200;-32,03833000
35,30751979;-1,01187200;-27,47886000
35,34847979;-0,99343850;-27,93512000
35,38943978;-1,01187200;-27,93512000
35,43039978;-0,99343850;-26,56789000
35,47135978;-0,99343850;-27,47886000
35,51231978;-0,99343850;-27,02414000
35,55327978;-0,97506640;-28,39137000
35,59423978;-0,95663320;-28,84762000
35,63519978;-0,93826100;-28,39137000
35,67615978;-0,93826100;-28,39137000
35,71711978;-0,93826100;-28,39137000
35,75807978;-0,91988890;-27,47886000
35,79903978;-0,90145580;-29,75860000
35,83999978;-0,90145580;-27,93512000
35,88095978;-0,88308360;-30,21485000
35,92191978;-0,84627830;-30,67110000
35,96287978;-0,84627830;-29,30235000
36,00383978;-0,84627830;-24,74441000
36,04479978;-0,80947290;-28,39137000
36,08575978;-0,79110080;-28,39137000
36,12671978;-0,77266760;-27,02414000
36,16767978;-0,75429550;-29,75860000
36,20863978;-0,73592330;-27,47886000
36,24959978;-0,71749010;-28,39137000
36,29055978;-0,69911800;-29,30235000
36,33151978;-0,69911800;-25,65539000
36,37247978;-0,66231270;-27,02414000
36,41343978;-0,64394060;-27,47886000
36,45439978;-0,62550740;-26,56789000
36,49535978;-0,60713520;-27,47886000
36,53631978;-0,57032990;-27,93512000
36,57727978;-0,55195780;-30,21485000
36,61823978;-0,51515250;-27,47886000
36,65919978;-0,49678030;-25,65539000
36,70015978;-0,45997500;-27,93512000
36,74111978;-0,44154180;-28,39137000
36,78207978;-0,40479750;-26,11164000
36,82303978;-0,40479750;-27,93512000
36,86399978;-0,34955900;-29,30235000
36,90495978;-0,33118690;-28,39137000
36,94591978;-0,31281470;-26,11164000
36,98687978;-0,27600940;-27,93512000
37,02783977;-0,25757620;-26,56789000
37,06879977;-0,22083190;-28,39137000
37,10975977;-0,18402660;-29,30235000
37,15071977;-0,16565450;-27,93512000
37,19167977;-0,12884910;-27,47886000
37,23263977;-0,11041600;-27,47886000
37,27359977;-0,07367168;-28,39137000
37,31455977;-0,03686636;-28,84762000
37,35551977;-0,01843318;-27,02414000
37,39647977;-0,00006104;-28,39137000
37,43743977;0,03674429;-27,47886000
37,47839977;0,07354961;-26,11164000
37,51935977;0,11029390;-28,84762000
37,56031977;0,12872710;-28,39137000
37,60127977;0,16547140;-28,39137000
37,64223977;0,18384350;-25,65539000
37,68319977;0,22064880;-26,11164000
37,72415977;0,25739310;-28,39137000
37,76511977;0,27582630;-27,93512000
37,80607977;0,31263160;-26,56789000
37,84703977;0,33100380;-28,84762000
37,88799977;0,36780910;-27,47886000
37,92895977;0,40461440;-28,39137000
37,96991977;0,42298650;-25,65539000
38,01087977;0,44135870;-25,65539000
38,05183977;0,47816400;-26,11164000
38,09279977;0,47816400;-27,93512000
38,13375977;0,51496930;-26,11164000
38,17471977;0,53334150;-31,12583000
38,21567977;0,53334150;-25,65539000
38,25663977;0,55177460;-25,65539000
38,29759977;0,55177460;-23,83190000
38,33855977;0,55177460;-22,46467000
38,37951977;0,57014680;-20,18494000
38,42047977;0,57014680;-19,72869000
38,46143977;0,58851890;-19,72869000
38,50239977;0,58851890;-16,53798000
38,54335977;0,58851890;-15,62548000
38,58431977;0,60695210;-13,34727000
38,62527977;0,60695210;-11,06754000
38,66623977;0,60695210;-9,24405700
38,70719976;0,60695210;-5,59709500
38,74815976;0,60695210;-3,31888800
38,78911976;0,60695210;-1,03915500
38,83007976;0,62532420;0,78432570
38,87103976;0,62532420;4,43128700
38,91199976;0,62532420;6,71102000
38,95295976;0,62532420;8,53450100
38,99391976;0,62532420;10,35798000
39,03487976;0,62532420;15,37370000
39,07583976;0,64375750;16,28468000
39,11679976;0,64375750;19,47691000
39,15775976;0,66212960;20,84414000
39,19871976;0,64375750;23,57860000
39,23967976;0,66212960;27,22709000
39,28063976;0,66212960;30,87405000
39,32159976;0,66212960;32,24128000
39,36255976;0,66212960;35,88824000
39,40351976;0,66212960;39,53520000
39,44447976;0,66212960;41,35868000
39,48543976;0,66212960;44,55092000
39,52639976;0,68050170;44,55092000
39,56735976;0,68050170;48,19788000
39,60831976;0,66212960;∞
39,64927976;0,68050170;∞
39,69023976;0,68050170;∞
39,73119976;0,66212960;∞
39,77215976;0,68050170;∞
39,81311976;0,68050170;∞
39,85407976;0,68050170;∞
39,89503976;0,68050170;∞
39,93599976;0,68050170;∞
39,97695976;0,68050170;∞
40,01791976;0,68050170;∞
40,05887976;0,68050170;∞
40,09983976;0,68050170;∞
40,14079976;0,68050170;∞
40,18175976;0,68050170;∞
40,22271976;0,69893490;∞
40,26367976;0,69893490;∞
40,30463976;0,68050170;∞
40,34559975;0,69893490;∞
40,38655975;0,68050170;∞
40,42751975;0,68050170;∞
40,46847975;0,68050170;∞
40,50943975;0,69893490;∞
40,55039975;0,69893490;∞
40,59135975;0,69893490;∞
40,63231975;0,69893490;∞
40,67327975;0,68050170;∞
40,71423975;0,69893490;∞
40,75519975;0,69893490;∞
40,79615975;0,68050170;∞
40,83711975;0,68050170;∞
40,87807975;0,68050170;∞
40,91903975;0,68050170;∞
40,95999975;0,68050170;∞
41,00095975;0,68050170;∞
41,04191975;0,68050170;∞
41,08287975;0,68050170;∞
41,12383975;0,68050170;∞
41,16479975;0,68050170;∞
41,20575975;0,68050170;∞
41,24671975;0,68050170;∞
41,28767975;0,66212960;∞
41,32863975;0,68050170;∞
41,36959975;0,68050170;∞
41,41055975;0,66212960;∞
41,45151975;0,66212960;∞
41,49247975;0,66212960;∞
41,53343975;0,66212960;49,10886000
41,57439975;0,66212960;48,65413000
41,61535975;0,66212960;45,46190000
41,65631975;0,64375750;45,00565000
41,69727975;0,66212960;39,07895000
41,73823975;0,64375750;35,88824000
41,77919975;0,64375750;31,32878000
41,82015975;0,62532420;30,87405000
41,86111975;0,62532420;26,77084000
41,90207975;0,62532420;21,30039000
41,94303975;0,62532420;19,02066000
41,98399974;0,62532420;16,28468000
42,02495974;0,62532420;12,63772000
42,06591974;0,60695210;9,90173100
42,10687974;0,60695210;6,25476800
42,14783974;0,60695210;1,69682900
42,18879974;0,58851890;-6,50807200
42,22975974;0,58851890;-6,05182000
42,27071974;0,58851890;-11,06754000
42,31167974;0,57014680;-14,71450000
42,35263974;0,57014680;-18,36146000
42,39359974;0,55177460;-22,92093000
42,43455974;0,53334150;-25,65539000
42,47551974;0,36780910;-29,75860000
42,51647974;0,38618120;-27,93512000
42,55743974;0,18384350;-30,21485000
42,59839974;0,07354961;-27,93512000
42,63935974;0,07354961;-29,30235000
42,68031974;0,09192175;-27,93512000
42,72127974;0,05511643;-29,30235000
42,76223974;0,01831111;-28,39137000
42,80319974;-0,01843318;-29,30235000
42,84415974;-0,05523850;-30,21485000
42,88511974;-0,07367168;-28,84762000
42,92607974;-0,11041600;-28,84762000
42,96703974;-0,14722130;-28,84762000
43,00799974;-0,16565450;-27,47886000
43,04895974;-0,20239870;-26,56789000
43,08991974;-0,22083190;-27,47886000
43,13087974;-0,25757620;-27,93512000
43,17183974;-0,27600940;-31,58208000
43,21279974;-0,31281470;-29,30235000
43,25375974;-0,33118690;-29,30235000
43,29471974;-0,34955900;-28,84762000
43,33567974;-0,38636430;-28,84762000
43,37663974;-0,42316960;-25,65539000
43,41759974;-0,45997500;-26,56789000
43,45855974;-0,47834710;-28,39137000
43,49951974;-0,49678030;-28,84762000
43,54047974;-0,53352460;-27,93512000
43,58143974;-0,55195780;-28,39137000
43,62239973;-0,58876310;-25,65539000
43,66335973;-0,58876310;-29,30235000
43,70431973;-0,62550740;-29,30235000
43,74527973;-0,64394060;-29,30235000
43,78623973;-0,66231270;-31,12583000
43,82719973;-0,69911800;-27,47886000
43,86815973;-0,69911800;-29,30235000
43,90911973;-0,71749010;-30,67110000
43,95007973;-0,73592330;-28,39137000
43,99103973;-0,77266760;-29,30235000
44,03199973;-0,79110080;-27,47886000
44,07295973;-0,79110080;-29,30235000
44,11391973;-0,82790610;-26,56789000
44,15487973;-0,84627830;-28,39137000
44,19583973;-0,84627830;-27,93512000
44,23679973;-0,86465040;-27,47886000
44,27775973;-0,88308360;-29,30235000
44,31871973;-0,90145580;-28,39137000
44,35967973;-0,91988890;-26,11164000
44,40063973;-0,91988890;-28,39137000
44,44159973;-0,91988890;-27,47886000
44,48255973;-0,93826100;-27,47886000
44,52351973;-0,95663320;-26,56789000
44,56447973;-0,95663320;-27,47886000
44,60543973;-0,97506640;-27,93512000
44,64639973;-0,99343850;-29,30235000
44,68735973;-0,99343850;-29,30235000
44,72831973;-0,99343850;-32,03833000
44,76927973;-0,99343850;-29,30235000
44,81023973;-1,01187200;-27,47886000
44,85119973;-1,01187200;-31,12583000
44,89215973;-1,01187200;-26,56789000
44,93311973;-1,01187200;-27,93512000
44,97407973;-1,04861600;-25,65539000
45,01503973;-1,03024400;-28,39137000
45,05599973;-1,03024400;-27,93512000
45,09695973;-1,03024400;-26,56789000
45,13791973;-1,03024400;-27,47886000
45,17887973;-1,03024400;-27,02414000
45,21983973;-1,03024400;-31,12583000
45,26079972;-1,01187200;-30,67110000
45,30175972;-1,01187200;-27,47886000
45,34271972;-1,01187200;-27,47886000
45,38367972;-1,01187200;-27,47886000
45,42463972;-0,99343850;-29,30235000
45,46559972;-0,99343850;-27,93512000
45,50655972;-0,95663320;-26,56789000
45,54751972;-0,97506640;-28,39137000
45,58847972;-0,95663320;-27,93512000
45,62943972;-0,95663320;-29,30235000
45,67039972;-0,93826100;-27,47886000
45,71135972;-0,93826100;-27,93512000
45,75231972;-0,91988890;-26,11164000
45,79327972;-0,91988890;-28,84762000
45,83423972;-0,90145580;-26,11164000
45,87519972;-0,88308360;-29,30235000
45,91615972;-0,84627830;-27,93512000
45,95711972;-0,84627830;-25,65539000
45,99807972;-0,80947290;-29,30235000
46,03903972;-0,80947290;-27,93512000
46,07999972;-0,79110080;-29,30235000
46,12095972;-0,77266760;-28,39137000
46,16191972;-0,77266760;-27,02414000
46,20287972;-0,73592330;-29,30235000
46,24383972;-0,71749010;-30,21485000
46,28479972;-0,69911800;-27,93512000
46,32575972;-0,69911800;-22,00842000
46,36671972;-0,66231270;-28,39137000
46,40767972;-0,64394060;-26,11164000
46,44863972;-0,62550740;-27,93512000
46,48959972;-0,60713520;-27,47886000
46,53055972;-0,57032990;-27,93512000
46,57151972;-0,55195780;-28,39137000
46,61247972;-0,53352460;-25,19913000
46,65343972;-0,49678030;-28,39137000
46,69439972;-0,45997500;-26,11164000
46,73535972;-0,44154180;-26,56789000
46,77631972;-0,42316960;-26,56789000
46,81727972;-0,40479750;-27,93512000
46,85823972;-0,34955900;-27,02414000
46,89919971;-0,33118690;-25,65539000
46,94015971;-0,29438150;-27,47886000
46,98111971;-0,27600940;-27,47886000
47,02207971;-0,25757620;-27,93512000
47,06303971;-0,22083190;-27,93512000
47,10399971;-0,20239870;-29,30235000
47,14495971;-0,16565450;-32,03833000
47,18591971;-0,14722130;-26,11164000
47,22687971;-0,11041600;-29,30235000
47,26783971;-0,09204382;-26,56789000
47,30879971;-0,05523850;-28,39137000
47,34975971;-0,03686636;-27,02414000
47,39071971;0,01831111;-29,30235000
47,43167971;0,03674429;-27,93512000
47,47263971;0,07354961;-27,02414000
47,51359971;0,09192175;-26,56789000
47,55455971;0,12872710;-28,39137000
47,59551971;0,16547140;-27,47886000
47,63647971;0,18384350;-26,11164000
47,67743971;0,22064880;-27,02414000
47,71839971;0,25739310;-27,47886000
47,75935971;0,27582630;-26,56789000
47,80031971;0,31263160;-27,02414000
47,84127971;0,33100380;-26,56789000
47,88223971;0,36780910;-27,93512000
47,92319971;0,40461440;-26,56789000
47,96415971;0,42298650;-26,56789000
48,00511971;0,44135870;-26,11164000
48,04607971;0,45979190;-27,02414000
48,08703971;0,49659720;-28,39137000
48,12799971;0,51496930;-27,47886000
48,16895971;0,53334150;-27,02414000
48,20991971;0,55177460;-25,65539000
48,25087971;0,55177460;-23,83190000
48,29183971;0,55177460;-22,46467000
48,33279971;0,57014680;-22,46467000
48,37375971;0,57014680;-22,46467000
48,41471971;0,57014680;-19,72869000
48,45567971;0,57014680;-18,36146000
48,49663971;0,58851890;-17,44896000
48,53759971;0,60695210;-17,90521000
48,57855970;0,60695210;-14,71450000
48,61951970;0,60695210;-11,06754000
48,66047970;0,60695210;-9,24405700
48,70143970;0,60695210;-6,05182000
48,74239970;0,62532420;-6,50807200
48,78335970;0,62532420;-2,40638400
48,82431970;0,62532420;0,32807400
48,86527970;0,62532420;4,43128700
48,90623970;0,62532420;3,52031000
48,94719970;0,62532420;8,99075300
48,98815970;0,62532420;11,72674000
49,02911970;0,62532420;14,46119000
49,07007970;0,62532420;18,10816000
49,11103970;0,64375750;19,02066000
49,15199970;0,64375750;21,75512000
49,19295970;0,66212960;24,94736000
49,23391970;0,66212960;27,22709000
49,27487970;0,66212960;27,22709000
49,31583970;0,66212960;32,69753000
49,35679970;0,66212960;34,97726000
49,39775970;0,66212960;38,16797000
49,43871970;0,66212960;39,99146000
49,47967970;0,66212960;43,18217000
49,52063970;0,66212960;45,46190000
49,56159970;0,68050170;47,28538000
49,60255970;0,66212960;49,56511000
49,64351970;0,68050170;∞
49,68447970;0,68050170;∞
49,72543970;0,68050170;∞
49,76639970;0,68050170;∞
49,80735970;0,68050170;∞
49,84831970;0,68050170;∞
49,88927970;0,68050170;∞
49,93023970;0,68050170;∞
49,97119970;0,68050170;∞
50,01215970;0,68050170;∞
50,05311970;0,68050170;∞
50,09407970;0,68050170;∞
50,13503970;0,69893490;∞
50,17599970;0,68050170;∞
50,21695969;0,69893490;∞
50,25791969;0,68050170;∞
50,29887969;0,68050170;∞
50,33983969;0,68050170;∞
50,38079969;0,68050170;∞
50,42175969;0,68050170;∞
50,46271969;0,68050170;∞
50,50367969;0,69893490;∞
50,54463969;0,68050170;∞
50,58559969;0,68050170;∞
50,62655969;0,68050170;∞
50,66751969;0,69893490;∞
50,70847969;0,68050170;∞
50,74943969;0,68050170;∞
50,79039969;0,68050170;∞
50,83135969;0,68050170;∞
50,87231969;0,68050170;∞
50,91327969;0,68050170;∞
50,95423969;0,68050170;∞
50,99519969;0,68050170;∞
51,03615969;0,68050170;∞
51,07711969;0,68050170;∞
51,11807969;0,68050170;∞
51,15903969;0,68050170;∞
51,19999969;0,68050170;∞
51,24095969;0,68050170;∞
51,28191969;0,68050170;∞
51,32287969;0,68050170;∞
51,36383969;0,66212960;∞
51,40479969;0,66212960;∞
51,44575969;0,66212960;∞
51,48671969;0,66212960;∞
51,52767969;0,66212960;∞
51,56863969;0,66212960;48,65413000
51,60959969;0,64375750;45,00565000
51,65055969;0,66212960;44,09467000
51,69151969;0,64375750;40,44770000
51,73247969;0,64375750;36,80074000
51,77343969;0,64375750;33,15378000
51,81439969;0,62532420;30,41780000
51,85535968;0,62532420;28,13807000
51,89631968;0,62532420;23,12387000
51,93727968;0,62532420;21,75512000
51,97823968;0,62532420;16,74093000
52,01919968;0,62532420;10,81423000
52,06015968;0,62532420;8,99075300
52,10111968;0,62532420;5,34379100
52,14207968;0,60695210;1,69682900
52,18303968;0,60695210;-0,12665180
52,22399968;0,58851890;-6,50807200
52,26495968;0,58851890;-9,24405700
52,30591968;0,57014680;-12,89102000
52,34687968;0,57014680;-18,36146000
52,38783968;0,55177460;-22,46467000
52,42879968;0,53334150;-25,65539000
52,46975968;0,47816400;-28,84762000
52,51071968;0,29419840;-27,47886000
52,55167968;0,07354961;-28,84762000
52,59263968;0,07354961;-29,30235000
52,63359968;0,12872710;-28,84762000
52,67455968;0,11029390;-28,39137000
52,71551968;0,07354961;-28,39137000
52,75647968;-0,00006104;-30,21485000
52,79743968;-0,03686636;-28,84762000
52,83839968;-0,03686636;-30,21485000
52,87935968;-0,07367168;-29,30235000
52,92031968;-0,11041600;-28,39137000
52,96127968;-0,12884910;-29,30235000
53,00223968;-0,16565450;-27,47886000
53,04319968;-0,18402660;-29,30235000
53,08415968;-0,22083190;-27,47886000
53,12511968;-0,25757620;-28,39137000
53,16607968;-0,27600940;-29,30235000
53,20703968;-0,31281470;-28,84762000
53,24799968;-0,33118690;-29,30235000
53,28895968;-0,34955900;-28,84762000
53,32991968;-0,40479750;-28,39137000
53,37087968;-0,42316960;-26,56789000
53,41183968;-0,44154180;-28,39137000
53,45279968;-0,45997500;-29,30235000
53,49375967;-0,49678030;-30,67110000
53,53471967;-0,51515250;-29,30235000
53,57567967;-0,55195780;-28,39137000
53,61663967;-0,57032990;-28,84762000
53,65759967;-0,60713520;-27,02414000
53,69855967;-0,60713520;-29,30235000
53,73951967;-0,64394060;-27,02414000
53,78047967;-0,66231270;-29,30235000
53,82143967;-0,68068480;-29,75860000
53,86239967;-0,69911800;-27,47886000
53,90335967;-0,71749010;-27,47886000
53,94431967;-0,75429550;-27,47886000
53,98527967;-0,77266760;-30,21485000
54,02623967;-0,77266760;-27,02414000
54,06719967;-0,79110080;-28,39137000
54,10815967;-0,80947290;-30,21485000
54,14911967;-0,84627830;-29,75860000
54,19007967;-0,84627830;-27,47886000
54,23103967;-0,86465040;-28,84762000
54,27199967;-0,88308360;-28,39137000
54,31295967;-0,90145580;-27,93512000
54,35391967;-0,90145580;-29,30235000
54,39487967;-0,91988890;-27,47886000
54,43583967;-0,91988890;-26,56789000
54,47679967;-0,93826100;-28,39137000
54,51775967;-0,95663320;-28,84762000
54,55871967;-0,95663320;-29,75860000
54,59967967;-0,99343850;-26,56789000
54,64063967;-0,99343850;-28,39137000
54,68159967;-0,99343850;-27,02414000
54,72255967;-0,99343850;-27,02414000
54,76351967;-1,01187200;-28,39137000
54,80447967;-1,01187200;-29,30235000
54,84543967;-1,01187200;-27,47886000
54,88639967;-1,01187200;-27,93512000
54,92735967;-1,01187200;-27,47886000
54,96831967;-1,03024400;-29,75860000
55,00927967;-1,01187200;-27,93512000
55,05023967;-1,03024400;-29,30235000
55,09119967;-1,03024400;-26,56789000
55,13215966;-1,03024400;-27,93512000
55,17311966;-1,01187200;-27,02414000
55,21407966;-1,01187200;-32,03833000
55,25503966;-1,01187200;-27,02414000
55,29599966;-1,01187200;-29,30235000
55,33695966;-1,01187200;-26,56789000
55,37791966;-1,01187200;-29,30235000
55,41887966;-1,01187200;-27,93512000
55,45983966;-0,99343850;-27,93512000
55,50079966;-0,99343850;-28,39137000
55,54175966;-0,97506640;-29,30235000
55,58271966;-0,95663320;-30,21485000
55,62367966;-0,95663320;-26,56789000
55,66463966;-0,93826100;-26,56789000
55,70559966;-0,93826100;-27,93512000
55,74655966;-0,91988890;-26,56789000
55,78751966;-0,90145580;-27,93512000
55,82847966;-0,90145580;-30,21485000
55,86943966;-0,90145580;-25,65539000
55,91039966;-0,86465040;-27,93512000
55,95135966;-0,84627830;-26,56789000
55,99231966;-0,82790610;-29,75860000
56,03327966;-0,80947290;-28,39137000
56,07423966;-0,80947290;-26,56789000
56,11519966;-0,77266760;-26,11164000
56,15615966;-0,77266760;-26,56789000
56,19711966;-0,75429550;-27,02414000
56,23807966;-0,73592330;-29,75860000
56,27903966;-0,69911800;-27,47886000
56,31999966;-0,68068480;-29,30235000
56,36095966;-0,66231270;-29,30235000
56,40191966;-0,64394060;-26,56789000
56,44287966;-0,62550740;-27,02414000
56,48383966;-0,60713520;-27,47886000
56,52479966;-0,58876310;-28,39137000
56,56575966;-0,55195780;-27,93512000
56,60671966;-0,53352460;-30,21485000
56,64767966;-0,49678030;-27,93512000
56,68863966;-0,47834710;-26,56789000
56,72959966;-0,45997500;-27,47886000
56,77055965;-0,42316960;-27,93512000
56,81151965;-0,40479750;-25,65539000
56,85247965;-0,36799220;-26,11164000
56,89343965;-0,33118690;-27,47886000
56,93439965;-0,31281470;-27,47886000
56,97535965;-0,27600940;-26,56789000
57,01631965;-0,25757620;-27,47886000
57,05727965;-0,22083190;-28,39137000
57,09823965;-0,20239870;-27,47886000
57,13919965;-0,18402660;-27,47886000
57,18015965;-0,14722130;-29,30235000
57,22111965;-0,11041600;-27,47886000
57,26207965;-0,09204382;-27,47886000
57,30303965;-0,05523850;-27,93512000
57,34399965;-0,03686636;-27,93512000
57,38495965;-0,00006104;-29,30235000
57,42591965;0,03674429;-27,47886000
57,46687965;0,05511643;-27,93512000
57,50783965;0,09192175;-29,30235000
57,54879965;0,12872710;-28,84762000
57,58975965;0,14709920;-27,47886000
57,63071965;0,18384350;-27,02414000
57,67167965;0,22064880;-27,47886000
57,71263965;0,23902100;-28,39137000
57,75359965;0,27582630;-27,93512000
57,79455965;0,31263160;-29,75860000
57,83551965;0,33100380;-27,47886000
57,87647965;0,36780910;-27,47886000
57,91743965;0,38618120;-27,02414000
57,95839965;0,40461440;-26,56789000
57,99935965;0,44135870;-28,39137000
58,04031965;0,47816400;-27,93512000
58,08127965;0,47816400;-27,93512000
58,12223965;0,51496930;-28,84762000
58,16319965;0,51496930;-27,02414000
58,20415965;0,53334150;-25,65539000
58,24511965;0,53334150;-25,65539000
58,28607965;0,55177460;-26,11164000
58,32703965;0,57014680;-24,28815000
58,36799965;0,57014680;-22,46467000
58,40895965;0,57014680;-20,64119000
58,44991964;0,57014680;-20,18494000
58,49087964;0,58851890;-16,99423000
58,53183964;0,58851890;-16,53798000
58,57279964;0,60695210;-11,97851000
58,61375964;0,60695210;-11,52379000
58,65471964;0,60695210;-10,61129000
58,69567964;0,60695210;-6,50807200
58,73663964;0,60695210;-4,68459100
58,77759964;0,60695210;-3,77361400
58,81855964;0,62532420;1,69682900
58,85951964;0,62532420;2,60780700
58,90047964;0,62532420;6,25476800
58,94143964;0,62532420;7,16727200
58,98239964;0,62532420;9,90173100
59,02335964;0,64375750;10,35798000
59,06431964;0,62532420;16,28468000
59,10527964;0,64375750;19,02066000
59,14623964;0,64375750;20,84414000
59,18719964;0,64375750;23,12387000
59,22815964;0,64375750;27,22709000
59,26911964;0,66212960;28,13807000
59,31007964;0,66212960;32,69753000
59,35103964;0,66212960;35,43199000
59,39199964;0,66212960;38,16797000
59,43295964;0,66212960;39,99146000
59,47391964;0,66212960;42,72744000
59,51487964;0,68050170;46,37440000
59,55583964;0,68050170;46,82913000
59,59679964;0,68050170;47,28538000
59,63775964;0,68050170;∞
59,67871964;0,68050170;∞
59,71967964;0,66212960;∞
59,76063964;0,68050170;∞
59,80159964;0,68050170;∞
59,84255964;0,68050170;∞
59,88351964;0,68050170;∞
59,92447964;0,68050170;∞
59,96543964;0,68050170;∞
60,00639964;0,68050170;∞
60,04735964;0,69893490;∞
60,08831963;0,68050170;∞
60,12927963;0,68050170;∞
60,17023963;0,68050170;∞
60,21119963;0,68050170;∞
60,25215963;0,68050170;∞
60,29311963;0,69893490;∞
60,33407963;0,68050170;∞
60,37503963;0,68050170;∞
60,41599963;0,68050170;∞
60,45695963;0,69893490;∞
60,49791963;0,68050170;∞
60,53887963;0,68050170;∞
60,57983963;0,68050170;∞
60,62079963;0,68050170;∞
60,66175963;0,68050170;∞
60,70271963;0,68050170;∞
60,74367963;0,68050170;∞
60,78463963;0,68050170;∞
60,82559963;0,68050170;∞
60,86655963;0,68050170;∞
60,90751963;0,69893490;∞
60,94847963;0,68050170;∞
60,98943963;0,68050170;∞
61,03039963;0,68050170;∞
61,07135963;0,68050170;∞
61,11231963;0,68050170;∞
61,15327963;0,68050170;∞
61,19423963;0,68050170;∞
61,23519963;0,68050170;∞
61,27615963;0,68050170;∞
61,31711963;0,66212960;∞
61,35807963;0,68050170;∞
61,39903963;0,66212960;∞
61,43999963;0,66212960;∞
61,48095963;0,68050170;∞
61,52191963;0,66212960;∞
61,56287963;0,66212960;49,10886000
61,60383963;0,64375750;48,19788000
61,64479963;0,66212960;41,81493000
61,68575963;0,66212960;40,90396000
61,72671962;0,64375750;38,16797000
61,76767962;0,62532420;34,52101000
61,80863962;0,62532420;28,13807000
61,84959962;0,62532420;27,22709000
61,89055962;0,62532420;24,49110000
61,93151962;0,62532420;21,30039000
61,97247962;0,62532420;17,19718000
62,01343962;0,62532420;14,00494000
62,05439962;0,62532420;9,44700400
62,09535962;0,60695210;6,71102000
62,13631962;0,60695210;3,06405800
62,17727962;0,60695210;-0,58290350
62,21823962;0,58851890;-3,31888800
62,25919962;0,58851890;-9,69878300
62,30015962;0,57014680;-12,89102000
62,34111962;0,57014680;-18,81771000
62,38207962;0,55177460;-19,27396000
62,42303962;0,53334150;-26,11164000
62,46399962;0,47816400;-27,93512000
62,50495962;0,23902100;-28,39137000
62,54591962;0,05511643;-27,47886000
62,58687962;0,11029390;-27,47886000
62,62783962;0,14709920;-27,47886000
62,66879962;0,11029390;-28,39137000
62,70975962;0,03674429;-30,21485000
62,75071962;-0,00006104;-31,12583000
62,79167962;-0,01843318;-28,84762000
62,83263962;-0,05523850;-30,21485000
62,87359962;-0,07367168;-27,93512000
62,91455962;-0,11041600;-31,58208000
62,95551962;-0,12884910;-29,75860000
62,99647962;-0,16565450;-29,30235000
63,03743962;-0,18402660;-29,30235000
63,07839962;-0,22083190;-27,93512000
63,11935962;-0,25757620;-28,39137000
63,16031962;-0,27600940;-27,47886000
63,20127962;-0,29438150;-29,30235000
63,24223962;-0,33118690;-27,47886000
63,28319962;-0,34955900;-32,03833000
63,32415962;-0,38636430;-29,30235000
63,36511961;-0,40479750;-27,93512000
63,40607961;-0,44154180;-29,75860000
63,44703961;-0,47834710;-28,84762000
63,48799961;-0,49678030;-30,21485000
63,52895961;-0,51515250;-30,21485000
63,56991961;-0,55195780;-27,47886000
63,61087961;-0,57032990;-28,39137000
63,65183961;-0,58876310;-28,39137000
63,69279961;-0,62550740;-28,39137000
63,73375961;-0,64394060;-27,02414000
63,77471961;-0,66231270;-31,58208000
63,81567961;-0,69911800;-28,84762000
63,85663961;-0,69911800;-27,93512000
63,89759961;-0,71749010;-27,93512000
63,93855961;-0,75429550;-29,30235000
63,97951961;-0,75429550;-27,02414000
64,02047961;-0,79110080;-27,47886000
64,06143961;-0,80947290;-29,30235000
64,10239961;-0,80947290;-27,47886000
64,14335961;-0,82790610;-28,39137000
64,18431961;-0,84627830;-27,93512000
64,22527961;-0,86465040;-27,02414000
64,26623961;-0,88308360;-27,93512000
64,30719961;-0,88308360;-29,30235000
64,34815961;-0,90145580;-29,30235000
64,38911961;-0,91988890;-26,56789000
64,43007961;-0,93826100;-27,93512000
64,47103961;-0,93826100;-27,93512000
64,51199961;-0,95663320;-29,30235000
64,55295961;-0,95663320;-29,30235000
64,59391961;-0,95663320;-28,39137000
64,63487961;-0,97506640;-31,12583000
64,67583961;-0,99343850;-30,21485000
64,71679961;-0,99343850;-28,39137000
64,75775961;-0,99343850;-26,56789000
64,79871961;-0,99343850;-28,39137000
64,83967961;-1,01187200;-29,75860000
64,88063961;-1,01187200;-26,56789000
64,92159961;-1,01187200;-30,67110000
64,96255961;-1,01187200;-28,39137000
65,00351960;-1,03024400;-31,58208000
65,04447960;-1,01187200;-28,39137000
65,08543960;-1,03024400;-26,11164000
65,12639960;-1,03024400;-27,93512000
65,16735960;-1,03024400;-28,39137000
65,20831960;-1,03024400;-27,47886000
65,24927960;-1,01187200;-28,39137000
65,29023960;-1,01187200;-27,47886000
65,33119960;-1,01187200;-29,75860000
65,37215960;-1,01187200;-27,93512000
65,41311960;-1,01187200;-27,47886000
65,45407960;-0,99343850;-27,47886000
65,49503960;-0,99343850;-27,47886000
65,53599960;-0,99343850;-23,83190000
65,57695960;-0,95663320;-28,39137000
65,61791960;-0,95663320;-27,47886000
65,65887960;-0,93826100;-28,39137000
65,69983960;-0,91988890;-27,47886000
65,74079960;-0,91988890;-26,56789000
65,78175960;-0,91988890;-29,75860000
65,82271960;-0,90145580;-27,47886000
65,86367960;-0,86465040;-30,67110000
65,90463960;-0,86465040;-29,75860000
65,94559960;-0,84627830;-27,47886000
65,98655960;-0,84627830;-26,56789000
66,02751960;-0,80947290;-27,93512000
66,06847960;-0,80947290;-27,47886000
66,10943960;-0,79110080;-27,47886000
66,15039960;-0,77266760;-28,39137000
66,19135960;-0,75429550;-28,39137000
66,23231960;-0,71749010;-28,39137000
66,27327960;-0,69911800;-29,30235000
66,31423960;-0,69911800;-29,75860000
66,35519960;-0,66231270;-26,11164000
66,39615960;-0,64394060;-26,56789000
66,43711960;-0,62550740;-26,56789000
66,47807960;-0,60713520;-28,84762000
66,51903960;-0,58876310;-26,56789000
66,55999960;-0,55195780;-28,39137000
66,60095960;-0,51515250;-30,67110000
66,64191959;-0,49678030;-27,47886000
66,68287959;-0,47834710;-29,30235000
66,72383959;-0,45997500;-27,93512000
66,76479959;-0,42316960;-27,47886000
66,80575959;-0,40479750;-29,75860000
66,84671959;-0,36799220;-27,93512000
66,88767959;-0,33118690;-24,74441000
66,92863959;-0,31281470;-27,93512000
66,96959959;-0,27600940;-27,47886000
67,01055959;-0,25757620;-28,39137000
67,05151959;-0,22083190;-26,56789000
67,09247959;-0,20239870;-27,93512000
67,13343959;-0,18402660;-29,30235000
67,17439959;-0,14722130;-26,11164000
67,21535959;-0,12884910;-29,30235000
67,25631959;-0,09204382;-24,74441000
67,29727959;-0,05523850;-26,56789000
67,33823959;-0,03686636;-26,11164000
67,37919959;-0,00006104;-27,47886000
67,42015959;0,03674429;-28,39137000
67,46111959;0,07354961;-30,67110000
67,50207959;0,09192175;-27,93512000
67,54303959;0,12872710;-28,84762000
67,58399959;0,14709920;-27,47886000
67,62495959;0,18384350;-27,93512000
67,66591959;0,20221560;-26,56789000
67,70687959;0,23902100;-23,83190000
67,74783959;0,27582630;-28,39137000
67,78879959;0,31263160;-27,93512000
67,82975959;0,33100380;-27,02414000
67,87071959;0,36780910;-27,47886000
67,91167959;0,38618120;-27,93512000
67,95263959;0,42298650;-28,39137000
67,99359959;0,44135870;-27,02414000
68,03455959;0,47816400;-27,02414000
68,07551959;0,47816400;-27,47886000
68,11647959;0,51496930;-25,65539000
68,15743959;0,51496930;-27,47886000
68,19839959;0,53334150;-25,65539000
68,23935959;0,53334150;-26,11164000
68,28031959;0,55177460;-24,74441000
68,32127958;0,57014680;-24,74441000
68,36223958;0,57014680;-22,00842000
68,40319958;0,57014680;-20,64119000
68,44415958;0,58851890;-20,64119000
68,48511958;0,58851890;-18,81771000
68,52607958;0,58851890;-14,25825000
68,56703958;0,58851890;-12,89102000
68,60799958;0,60695210;-11,06754000
68,64895958;0,60695210;-9,24405700
68,68991958;0,60695210;-7,42057500
68,73087958;0,60695210;-6,50807200
68,77183958;0,62532420;-4,22833900
68,81279958;0,62532420;-1,03915500
68,85375958;0,62532420;1,69682900
68,89471958;0,62532420;4,43128700
68,93567958;0,62532420;8,53450100
68,97663958;0,62532420;10,81423000
69,01759958;0,62532420;12,63772000
69,05855958;0,64375750;16,28468000
69,09951958;0,62532420;17,19718000
69,14047958;0,64375750;21,75512000
69,18143958;0,66212960;22,66762000
69,22239958;0,66212960;26,31458000
69,26335958;0,66212960;28,13807000
69,30431958;0,66212960;30,87405000
69,34527958;0,66212960;33,60851000
69,38623958;0,66212960;37,71172000
69,42719958;0,66212960;38,16797000
69,46815958;0,66212960;41,81493000
69,50911958;0,66212960;45,00565000
69,55007958;0,68050170;47,28538000
69,59103958;0,68050170;49,56511000
69,63199958;0,68050170;∞
69,67295958;0,68050170;∞
69,71391958;0,68050170;∞
69,75487958;0,68050170;∞
69,79583958;0,68050170;∞
69,83679958;0,68050170;∞
69,87775958;0,68050170;∞
69,91871958;0,68050170;∞
69,95967957;0,68050170;∞
70,00063957;0,68050170;∞
70,04159957;0,69893490;∞
70,08255957;0,69893490;∞
70,12351957;0,68050170;∞
70,16447957;0,68050170;∞
70,20543957;0,69893490;∞
70,24639957;0,68050170;∞
70,28735957;0,69893490;∞
70,32831957;0,69893490;∞
70,36927957;0,68050170;∞
70,41023957;0,69893490;∞
70,45119957;0,68050170;∞
70,49215957;0,68050170;∞
70,53311957;0,68050170;∞
70,57407957;0,68050170;∞
70,61503957;0,68050170;∞
70,65599957;0,68050170;∞
70,69695957;0,68050170;∞
70,73791957;0,68050170;∞
70,77887957;0,68050170;∞
70,81983957;0,68050170;∞
70,86079957;0,68050170;∞
70,90175957;0,68050170;∞
70,94271957;0,68050170;∞
70,98367957;0,68050170;∞
71,02463957;0,68050170;∞
71,06559957;0,68050170;∞
71,10655957;0,68050170;∞
71,14751957;0,68050170;∞
71,18847957;0,68050170;∞
71,22943957;0,68050170;∞
71,27039957;0,66212960;∞
71,31135957;0,68050170;∞
71,35231957;0,66212960;∞
71,39327957;0,66212960;∞
71,43423957;0,66212960;∞
71,47519957;0,66212960;∞
71,51615957;0,66212960;∞
71,55711957;0,66212960;48,65413000
71,59807956;0,66212960;47,74163000
71,63903956;0,64375750;43,63842000
71,67999956;0,64375750;40,90396000
71,72095956;0,64375750;37,25547000
71,76191956;0,64375750;33,60851000
71,80287956;0,64375750;31,78503000
71,84383956;0,62532420;29,05057000
71,88479956;0,62532420;24,94736000
71,92575956;0,62532420;21,30039000
71,96671956;0,62532420;17,19718000
72,00767956;0,62532420;14,00494000
72,04863956;0,62532420;9,44700400
72,08959956;0,60695210;8,53450100
72,13055956;0,60695210;4,43128700
72,17151956;0,60695210;-1,49540700
72,21247956;0,60695210;-4,22833900
72,25343956;0,58851890;-8,33155300
72,29439956;0,58851890;-11,52379000
72,33535956;0,57014680;-18,36146000
72,37631956;0,55177460;-22,00842000
72,41727956;0,53334150;-25,65539000
72,45823956;0,51496930;-28,39137000
72,49919956;-0,00006104;-27,93512000
72,54015956;0,07354961;-29,30235000
72,58111956;0,18384350;-28,39137000
72,62207956;0,18384350;-30,21485000
72,66303956;0,09192175;-28,84762000
72,70399956;0,03674429;-28,39137000
72,74495956;0,01831111;-29,30235000
72,78591956;-0,01843318;-29,30235000
72,82687956;-0,03686636;-29,75860000
72,86783956;-0,07367168;-27,47886000
72,90879956;-0,11041600;-28,39137000
72,94975956;-0,12884910;-29,75860000
72,99071956;-0,14722130;-30,21485000
73,03167956;-0,18402660;-29,30235000
73,07263956;-0,22083190;-28,84762000
73,11359956;-0,23920410;-31,58208000
73,15455956;-0,27600940;-28,39137000
73,19551956;-0,29438150;-28,84762000
73,23647955;-0,33118690;-29,75860000
73,27743955;-0,34955900;-27,47886000
73,31839955;-0,36799220;-28,39137000
73,35935955;-0,40479750;-32,03833000
73,40031955;-0,42316960;-29,30235000
73,44127955;-0,45997500;-27,93512000
73,48223955;-0,47834710;-29,75860000
73,52319955;-0,51515250;-28,39137000
73,56415955;-0,55195780;-30,67110000
73,60511955;-0,57032990;-29,30235000
73,64607955;-0,58876310;-29,30235000
73,68703955;-0,60713520;-29,30235000
73,72799955;-0,62550740;-29,30235000
73,76895955;-0,66231270;-29,30235000
73,80991955;-0,68068480;-29,75860000
73,85087955;-0,69911800;-28,84762000
73,89183955;-0,71749010;-28,84762000
73,93279955;-0,73592330;-27,93512000
73,97375955;-0,77266760;-29,75860000
74,01471955;-0,77266760;-27,47886000
74,05567955;-0,79110080;-29,75860000
74,09663955;-0,80947290;-29,75860000
74,13759955;-0,82790610;-27,47886000
74,17855955;-0,84627830;-27,47886000
74,21951955;-0,86465040;-27,93512000
74,26047955;-0,86465040;-31,12583000
74,30143955;-0,90145580;-29,75860000
74,34239955;-0,90145580;-30,21485000
74,38335955;-0,91988890;-28,39137000
74,42431955;-0,91988890;-26,11164000
74,46527955;-0,93826100;-29,30235000
74,50623955;-0,95663320;-29,30235000
74,54719955;-0,95663320;-29,30235000
74,58815955;-0,95663320;-27,47886000
74,62911955;-0,99343850;-27,93512000
74,67007955;-0,99343850;-28,39137000
74,71103955;-0,99343850;-29,30235000
74,75199955;-1,01187200;-27,47886000
74,79295955;-1,01187200;-28,39137000
74,83391955;-1,01187200;-29,30235000
74,87487954;-1,01187200;-27,93512000
74,91583954;-1,01187200;-28,39137000
74,95679954;-1,03024400;-28,39137000
74,99775954;-1,03024400;-27,47886000
75,03871954;-1,03024400;-27,93512000
75,07967954;-1,03024400;-26,56789000
75,12063954;-1,01187200;-30,67110000
75,16159954;-1,03024400;-27,02414000
75,20255954;-1,01187200;-29,75860000
75,24351954;-1,01187200;-27,93512000
75,28447954;-1,01187200;-29,75860000
75,32543954;-1,01187200;-27,93512000
75,36639954;-1,01187200;-27,93512000
75,40735954;-0,99343850;-28,39137000
75,44831954;-1,01187200;-26,11164000
75,48927954;-0,99343850;-29,75860000
75,53023954;-0,99343850;-27,93512000
75,57119954;-0,95663320;-28,39137000
75,61215954;-0,95663320;-27,02414000
75,65311954;-0,93826100;-30,21485000
75,69407954;-0,93826100;-29,30235000
75,73503954;-0,91988890;-27,47886000
75,77599954;-0,91988890;-26,11164000
75,81695954;-0,90145580;-27,93512000
75,85791954;-0,88308360;-29,30235000
75,89887954;-0,86465040;-27,02414000
75,93983954;-0,86465040;-26,11164000
75,98079954;-0,84627830;-28,39137000
76,02175954;-0,82790610;-27,47886000
76,06271954;-0,80947290;-28,84762000
76,10367954;-0,79110080;-26,56789000
76,14463954;-0,77266760;-26,56789000
76,18559954;-0,75429550;-27,47886000
76,22655954;-0,73592330;-27,47886000
76,26751954;-0,71749010;-27,93512000
76,30847954;-0,69911800;-27,93512000
76,34943954;-0,66231270;-29,75860000
76,39039954;-0,66231270;-26,56789000
76,43135954;-0,62550740;-26,56789000
76,47231954;-0,60713520;-27,47886000
76,51327953;-0,58876310;-27,47886000
76,55423953;-0,57032990;-25,65539000
76,59519953;-0,55195780;-26,11164000
76,63615953;-0,51515250;-27,02414000
76,67711953;-0,47834710;-27,47886000
76,71807953;-0,45997500;-28,84762000
76,75903953;-0,42316960;-31,12583000
76,79999953;-0,40479750;-27,93512000
76,84095953;-0,36799220;-26,56789000
76,88191953;-0,34955900;-26,56789000
76,92287953;-0,31281470;-27,93512000
76,96383953;-0,29438150;-26,56789000
77,00479953;-0,25757620;-28,39137000
77,04575953;-0,22083190;-27,93512000
77,08671953;-0,20239870;-29,30235000
77,12767953;-0,18402660;-26,11164000
77,16863953;-0,16565450;-27,47886000
77,20959953;-0,12884910;-27,47886000
77,25055953;-0,07367168;-28,84762000
77,29151953;-0,05523850;-29,30235000
77,33247953;-0,03686636;-28,39137000
77,37343953;-0,01843318;-27,47886000
77,41439953;0,01831111;-29,30235000
77,45535953;0,03674429;-28,39137000
77,49631953;0,09192175;-27,47886000
77,53727953;0,11029390;-25,65539000
77,57823953;0,14709920;-29,30235000
77,61919953;0,18384350;-29,30235000
77,66015953;0,22064880;-27,47886000
77,70111953;0,23902100;-27,47886000
77,74207953;0,27582630;-29,30235000
77,78303953;0,29419840;-27,93512000
77,82399953;0,33100380;-28,39137000
77,86495953;0,36780910;-29,30235000
77,90591953;0,38618120;-29,30235000
77,94687953;0,40461440;-29,30235000
77,98783953;0,44135870;-22,46467000
78,02879953;0,45979190;-24,28815000
78,06975953;0,47816400;-27,47886000
78,11071953;0,51496930;-27,47886000
78,15167953;0,51496930;-25,65539000
78,19263952;0,53334150;-26,11164000
78,23359952;0,53334150;-21,55217000
78,27455952;0,55177460;-24,28815000
78,31551952;0,55177460;-23,83190000
78,35647952;0,57014680;-22,46467000
78,39743952;0,57014680;-18,81771000
78,43839952;0,57014680;-20,64119000
78,47935952;0,58851890;-18,36146000
78,52031952;0,58851890;-16,53798000
78,56127952;0,60695210;-12,89102000
78,60223952;0,60695210;-13,80200000
78,64319952;0,60695210;-9,24405700
78,68415952;0,60695210;-7,87530100
78,72511952;0,60695210;-6,05182000
78,76607952;0,62532420;-3,77361400
78,80703952;0,60695210;1,24057700
78,84799952;0,62532420;2,60780700
78,88895952;0,62532420;4,88753900
78,92991952;0,62532420;7,16727200
78,97087952;0,62532420;9,90173100
79,01183952;0,62532420;10,81423000
79,05279952;0,64375750;14,46119000
79,09375952;0,64375750;19,93164000
79,13471952;0,64375750;19,93164000
79,17567952;0,66212960;23,12387000
79,21663952;0,66212960;25,85833000
79,25759952;0,66212960;28,59432000
79,29855952;0,66212960;30,41780000
79,33951952;0,66212960;32,24128000
79,38047952;0,66212960;35,88824000
79,42143952;0,66212960;39,53520000
79,46239952;0,66212960;41,81493000
79,50335952;0,68050170;44,55092000
79,54431952;0,68050170;46,37440000
79,58527952;0,68050170;48,65413000
79,62623952;0,68050170;∞
79,66719952;0,68050170;∞
79,70815952;0,68050170;∞
79,74911952;0,68050170;∞
79,79007952;0,68050170;∞
79,83103951;0,68050170;∞
79,87199951;0,68050170;∞
79,91295951;0,68050170;∞
79,95391951;0,68050170;∞
79,99487951;0,68050170;∞
80,03583951;0,68050170;∞
80,07679951;0,68050170;∞
80,11775951;0,68050170;∞
80,15871951;0,68050170;∞
80,19967951;0,68050170;∞
80,24063951;0,68050170;∞
80,28159951;0,69893490;∞
80,32255951;0,68050170;∞
80,36351951;0,68050170;∞
80,40447951;0,69893490;∞
80,44543951;0,68050170;∞
80,48639951;0,68050170;∞
80,52735951;0,68050170;∞
80,56831951;0,69893490;∞
80,60927951;0,68050170;∞
80,65023951;0,69893490;∞
80,69119951;0,68050170;∞
80,73215951;0,68050170;∞
80,77311951;0,68050170;∞
80,81407951;0,68050170;∞
80,85503951;0,68050170;∞
80,89599951;0,68050170;∞
80,93695951;0,68050170;∞
80,97791951;0,68050170;∞
81,01887951;0,68050170;∞
81,05983951;0,68050170;∞
81,10079951;0,68050170;∞
81,14175951;0,68050170;∞
81,18271951;0,68050170;∞
81,22367951;0,68050170;∞
81,26463951;0,68050170;∞
81,30559951;0,68050170;∞
81,34655951;0,66212960;∞
81,38751951;0,66212960;∞
81,42847951;0,66212960;∞
81,46943950;0,66212960;∞
81,51039950;0,66212960;∞
81,55135950;0,66212960;∞
81,59231950;0,66212960;48,19788000
81,63327950;0,66212960;44,55092000
81,67423950;0,64375750;39,99146000
81,71519950;0,66212960;39,07895000
81,75615950;0,64375750;34,52101000
81,79711950;0,64375750;31,32878000
81,83807950;0,62532420;30,41780000
81,87903950;0,62532420;25,40361000
81,91999950;0,62532420;21,75512000
81,96095950;0,62532420;17,65191000
82,00191950;0,62532420;14,91745000
82,04287950;0,62532420;9,90173100
82,08383950;0,60695210;7,16727200
82,12479950;0,60695210;2,60780700
82,16575950;0,60695210;0,32807400
82,20671950;0,60695210;-4,22833900
82,24767950;0,58851890;-7,87530100
82,28863950;0,58851890;-13,34727000
82,32959950;0,57014680;-16,53798000
82,37055950;0,55177460;-20,64119000
82,41151950;0,55177460;-24,74441000
82,45247950;0,51496930;-28,39137000
82,49343950;-0,03686636;-27,93512000
82,53439950;0,12872710;-29,75860000
82,57535950;0,23902100;-28,84762000
82,61631950;0,18384350;-29,30235000
82,65727950;0,09192175;-28,39137000
82,69823950;0,03674429;-29,75860000
82,73919950;0,01831111;-28,39137000
82,78015950;-0,00006104;-29,30235000
82,82111950;-0,03686636;-29,30235000
82,86207950;-0,07367168;-29,30235000
82,90303950;-0,11041600;-29,75860000
82,94399950;-0,12884910;-27,93512000
82,98495950;-0,14722130;-31,58208000
83,02591950;-0,18402660;-29,75860000
83,06687950;-0,20239870;-30,21485000
83,10783949;-0,23920410;-30,21485000
83,14879949;-0,25757620;-29,30235000
83,18975949;-0,29438150;-30,21485000
83,23071949;-0,31281470;-29,30235000
83,27167949;-0,34955900;-30,67110000
83,31263949;-0,36799220;-27,47886000
83,35359949;-0,42316960;-27,47886000
83,39455949;-0,44154180;-29,30235000
83,43551949;-0,45997500;-27,93512000
83,47647949;-0,47834710;-27,47886000
83,51743949;-0,51515250;-27,47886000
83,55839949;-0,55195780;-28,39137000
83,59935949;-0,57032990;-32,03833000
83,64031949;-0,58876310;-30,67110000
83,68127949;-0,60713520;-29,75860000
83,72223949;-0,64394060;-27,93512000
83,76319949;-0,64394060;-28,39137000
83,80415949;-0,68068480;-26,11164000
83,84511949;-0,69911800;-27,93512000
83,88607949;-0,71749010;-26,11164000
83,92703949;-0,73592330;-28,39137000
83,96799949;-0,75429550;-27,93512000
84,00895949;-0,77266760;-27,47886000
84,04991949;-0,79110080;-28,84762000
84,09087949;-0,80947290;-28,39137000
84,13183949;-0,82790610;-29,30235000
84,17279949;-0,84627830;-27,93512000
84,21375949;-0,86465040;-29,30235000
84,25471949;-0,86465040;-29,30235000
84,29567949;-0,90145580;-27,47886000
84,33663949;-0,90145580;-28,84762000
84,37759949;-0,91988890;-26,11164000
84,41855949;-0,91988890;-29,30235000
84,45951949;-0,93826100;-31,12583000
84,50047949;-0,95663320;-29,30235000
84,54143949;-0,95663320;-27,47886000
84,58239949;-0,97506640;-26,56789000
84,62335949;-0,99343850;-26,11164000
84,66431949;-0,99343850;-27,93512000
84,70527949;-0,99343850;-27,47886000
84,74623948;-1,01187200;-27,93512000
84,78719948;-1,01187200;-28,84762000
84,82815948;-1,01187200;-27,02414000
84,86911948;-1,01187200;-28,39137000
84,91007948;-1,01187200;-27,02414000
84,95103948;-1,01187200;-29,75860000
84,99199948;-1,01187200;-29,30235000
85,03295948;-1,03024400;-26,56789000
85,07391948;-1,03024400;-29,30235000
85,11487948;-1,03024400;-27,47886000
85,15583948;-1,03024400;-29,75860000
85,19679948;-1,01187200;-29,30235000
85,23775948;-1,01187200;-27,93512000
85,27871948;-1,01187200;-31,12583000
85,31967948;-1,03024400;-28,39137000
85,36063948;-1,01187200;-28,84762000
85,40159948;-1,01187200;-27,02414000
85,44255948;-0,99343850;-27,93512000
85,48351948;-0,99343850;-28,84762000
85,52447948;-0,99343850;-27,93512000
85,56543948;-0,95663320;-29,30235000
85,60639948;-0,95663320;-27,47886000
85,64735948;-0,95663320;-27,47886000
85,68831948;-0,93826100;-26,11164000
85,72927948;-0,91988890;-26,56789000
85,77023948;-0,90145580;-30,21485000
85,81119948;-0,90145580;-24,74441000
85,85215948;-0,88308360;-27,93512000
85,89311948;-0,86465040;-27,93512000
85,93407948;-0,86465040;-27,93512000
85,97503948;-0,84627830;-26,56789000
86,01599948;-0,82790610;-28,39137000
86,05695948;-0,80947290;-29,30235000
86,09791948;-0,79110080;-27,47886000
86,13887948;-0,77266760;-30,21485000
86,17983948;-0,75429550;-26,56789000
86,22079948;-0,73592330;-26,56789000
86,26175948;-0,71749010;-27,47886000
86,30271948;-0,69911800;-27,47886000
86,34367948;-0,66231270;-28,84762000
86,38463947;-0,64394060;-29,30235000
86,42559947;-0,64394060;-27,47886000
86,46655947;-0,60713520;-26,11164000
86,50751947;-0,58876310;-28,39137000
86,54847947;-0,57032990;-28,39137000
86,58943947;-0,53352460;-27,47886000
86,63039947;-0,51515250;-27,93512000
86,67135947;-0,47834710;-27,02414000
86,71231947;-0,45997500;-28,39137000
86,75327947;-0,42316960;-27,93512000
86,79423947;-0,40479750;-29,30235000
86,83519947;-0,36799220;-27,47886000
86,87615947;-0,34955900;-27,93512000
86,91711947;-0,31281470;-29,30235000
86,95807947;-0,27600940;-29,30235000
86,99903947;-0,27600940;-27,93512000
87,03999947;-0,22083190;-27,47886000
87,08095947;-0,20239870;-28,39137000
87,12191947;-0,18402660;-28,84762000
87,16287947;-0,16565450;-25,65539000
87,20383947;-0,12884910;-27,47886000
87,24479947;-0,11041600;-27,47886000
87,28575947;-0,07367168;-27,93512000
87,32671947;-0,03686636;-25,19913000
87,36767947;-0,01843318;-27,93512000
87,40863947;0,01831111;-27,93512000
87,44959947;0,05511643;-28,39137000
87,49055947;0,07354961;-27,47886000
87,53151947;0,11029390;-27,47886000
87,57247947;0,14709920;-27,47886000
87,61343947;0,16547140;-28,39137000
87,65439947;0,20221560;-27,93512000
87,69535947;0,23902100;-28,39137000
87,73631947;0,25739310;-28,84762000
87,77727947;0,29419840;-26,11164000
87,81823947;0,33100380;-27,93512000
87,85919947;0,36780910;-27,02414000
87,90015947;0,38618120;-26,56789000
87,94111947;0,40461440;-26,56789000
87,98207947;0,42298650;-26,11164000
88,02303947;0,45979190;-26,56789000
88,06399946;0,47816400;-26,11164000
88,10495946;0,51496930;-26,56789000
88,14591946;0,51496930;-27,47886000
88,18687946;0,53334150;-27,47886000
88,22783946;0,55177460;-26,11164000
88,26879946;0,55177460;-24,74441000
88,30975946;0,55177460;-22,92093000
88,35071946;0,57014680;-21,09744000
88,39167946;0,57014680;-22,00842000
88,43263946;0,57014680;-20,18494000
88,47359946;0,58851890;-18,81771000
88,51455946;0,58851890;-17,44896000
88,55551946;0,58851890;-14,25825000
88,59647946;0,60695210;-13,34727000
88,63743946;0,60695210;-11,06754000
88,67839946;0,60695210;-7,42057500
88,71935946;0,62532420;-4,22833900
88,76031946;0,62532420;-5,59709500
88,80127946;0,62532420;-2,40638400
88,84223946;0,62532420;-0,58290350
88,88319946;0,62532420;4,43128700
88,92415946;0,62532420;4,88753900
88,96511946;0,62532420;8,07825000
89,00607946;0,62532420;11,27048000
89,04703946;0,62532420;14,46119000
89,08799946;0,64375750;15,37370000
89,12895946;0,66212960;19,02066000
89,16991946;0,64375750;21,75512000
89,21087946;0,66212960;26,77084000
89,25183946;0,66212960;26,77084000
89,29279946;0,66212960;30,41780000
89,33375946;0,66212960;31,78503000
89,37471946;0,66212960;34,52101000
89,41567946;0,66212960;39,07895000
89,45663946;0,66212960;43,18217000
89,49759946;0,66212960;43,18217000
89,53855946;0,66212960;45,46190000
89,57951946;0,68050170;47,28538000
89,62047946;0,68050170;∞
89,66143946;0,68050170;∞
89,70239945;0,68050170;∞
89,74335945;0,68050170;∞
89,78431945;0,68050170;∞
89,82527945;0,68050170;∞
89,86623945;0,68050170;∞
89,90719945;0,68050170;∞
89,94815945;0,68050170;∞
89,98911945;0,68050170;∞
90,03007945;0,68050170;∞
90,07103945;0,68050170;∞
90,11199945;0,68050170;∞
90,15295945;0,68050170;∞
90,19391945;0,69893490;∞
90,23487945;0,68050170;∞
90,27583945;0,68050170;∞
90,31679945;0,68050170;∞
90,35775945;0,68050170;∞
90,39871945;0,68050170;∞
90,43967945;0,68050170;∞
90,48063945;0,69893490;∞
90,52159945;0,68050170;∞
90,56255945;0,68050170;∞
90,60351945;0,68050170;∞
90,64447945;0,69893490;∞
90,68543945;0,68050170;∞
90,72639945;0,68050170;∞
90,76735945;0,68050170;∞
90,80831945;0,68050170;∞
90,84927945;0,68050170;∞
90,89023945;0,69893490;∞
90,93119945;0,68050170;∞
90,97215945;0,68050170;∞
91,01311945;0,68050170;∞
91,05407945;0,68050170;∞
91,09503945;0,68050170;∞
91,13599945;0,68050170;∞
91,17695945;0,68050170;∞
91,21791945;0,68050170;∞
91,25887945;0,68050170;∞
91,29983945;0,68050170;∞
91,34079944;0,66212960;∞
91,38175944;0,66212960;∞
91,42271944;0,66212960;∞
91,46367944;0,68050170;∞
91,50463944;0,66212960;∞
91,54559944;0,66212960;∞
91,58655944;0,66212960;48,19788000
91,62751944;0,66212960;45,46190000
91,66847944;0,66212960;41,35868000
91,70943944;0,66212960;38,62423000
91,75039944;0,64375750;34,52101000
91,79135944;0,64375750;33,60851000
91,83231944;0,62532420;29,50529000
91,87327944;0,62532420;25,40361000
91,91423944;0,62532420;21,30039000
91,95519944;0,62532420;18,56441000
91,99615944;0,62532420;15,82842000
92,03711944;0,60695210;11,72674000
92,07807944;0,62532420;7,16727200
92,11903944;0,60695210;3,52031000
92,15999944;0,58851890;1,69682900
92,20095944;0,60695210;-5,59709500
92,24191944;0,58851890;-9,24405700
92,28287944;0,58851890;-11,06754000
92,32383944;0,58851890;-16,53798000
92,36479944;0,55177460;-19,27396000
92,40575944;0,55177460;-24,28815000
92,44671944;0,51496930;-27,93512000
92,48767944;0,03674429;-29,75860000
92,52863944;0,29419840;-30,67110000
92,56959944;0,25739310;-27,47886000
92,61055944;0,12872710;-30,21485000
92,65151944;0,05511643;-29,75860000
92,69247944;0,03674429;-29,30235000
92,73343944;0,03674429;-29,75860000
92,77439944;0,01831111;-28,84762000
92,81535944;-0,03686636;-28,39137000
92,85631944;-0,05523850;-27,47886000
92,89727944;-0,07367168;-28,39137000
92,93823944;-0,12884910;-29,75860000
92,97919943;-0,14722130;-30,21485000
93,02015943;-0,16565450;-30,21485000
93,06111943;-0,20239870;-29,30235000
93,10207943;-0,22083190;-29,75860000
93,14303943;-0,25757620;-27,47886000
93,18399943;-0,29438150;-30,67110000
93,22495943;-0,31281470;-28,84762000
93,26591943;-0,34955900;-27,93512000
93,30687943;-0,36799220;-27,93512000
93,34783943;-0,40479750;-29,30235000
93,38879943;-0,42316960;-29,75860000
93,42975943;-0,45997500;-29,30235000
93,47071943;-0,47834710;-27,93512000
93,51167943;-0,51515250;-26,56789000
93,55263943;-0,55195780;-29,75860000
93,59359943;-0,57032990;-28,39137000
93,63455943;-0,58876310;-29,75860000
93,67551943;-0,60713520;-27,93512000
93,71647943;-0,64394060;-31,12583000
93,75743943;-0,66231270;-27,47886000
93,79839943;-0,66231270;-27,93512000
93,83935943;-0,69911800;-29,75860000
93,88031943;-0,71749010;-28,39137000
93,92127943;-0,73592330;-31,12583000
93,96223943;-0,75429550;-28,84762000
94,00319943;-0,77266760;-27,93512000
94,04415943;-0,79110080;-28,39137000
94,08511943;-0,80947290;-26,56789000
94,12607943;-0,80947290;-25,65539000
94,16703943;-0,84627830;-27,47886000
94,20799943;-0,84627830;-27,47886000
94,24895943;-0,86465040;-27,47886000
94,28991943;-0,88308360;-29,30235000
94,33087943;-0,90145580;-27,93512000
94,37183943;-0,91988890;-28,39137000
94,41279943;-0,91988890;-27,47886000
94,45375943;-0,93826100;-28,39137000
94,49471943;-0,93826100;-27,93512000
94,53567943;-0,95663320;-26,11164000
94,57663943;-0,95663320;-29,75860000
94,61759942;-0,99343850;-27,93512000
94,65855942;-0,99343850;-27,47886000
94,69951942;-1,01187200;-26,11164000
94,74047942;-0,99343850;-27,47886000
94,78143942;-0,99343850;-29,30235000
94,82239942;-1,01187200;-27,93512000
94,86335942;-1,03024400;-26,11164000
94,90431942;-1,01187200;-29,75860000
94,94527942;-1,01187200;-27,93512000
94,98623942;-1,01187200;-30,21485000
95,02719942;-1,03024400;-23,83190000
95,06815942;-1,03024400;-27,47886000
95,10911942;-1,03024400;-29,30235000
95,15007942;-1,03024400;-27,47886000
95,19103942;-1,01187200;-28,39137000
95,23199942;-1,01187200;-27,93512000
95,27295942;-1,03024400;-27,02414000
95,31391942;-1,01187200;-24,74441000
95,35487942;-1,01187200;-29,30235000
95,39583942;-1,01187200;-27,93512000
95,43679942;-0,99343850;-27,02414000
95,47775942;-0,99343850;-28,84762000
95,51871942;-0,99343850;-25,65539000
95,55967942;-0,95663320;-29,30235000
95,60063942;-0,95663320;-27,93512000
95,64159942;-0,93826100;-27,47886000
95,68255942;-0,93826100;-27,47886000
95,72351942;-0,93826100;-27,47886000
95,76447942;-0,91988890;-27,47886000
95,80543942;-0,90145580;-28,39137000
95,84639942;-0,90145580;-28,39137000
95,88735942;-0,88308360;-25,19913000
95,92831942;-0,84627830;-29,30235000
95,96927942;-0,84627830;-28,84762000
96,01023942;-0,82790610;-29,30235000
96,05119942;-0,80947290;-27,47886000
96,09215942;-0,79110080;-26,11164000
96,13311942;-0,77266760;-28,39137000
96,17407942;-0,77266760;-27,02414000
96,21503942;-0,73592330;-27,93512000
96,25599942;-0,71749010;-27,93512000
96,29695941;-0,69911800;-28,39137000
96,33791941;-0,68068480;-29,30235000
96,37887941;-0,66231270;-29,30235000
96,41983941;-0,64394060;-29,30235000
96,46079941;-0,62550740;-25,65539000
96,50175941;-0,58876310;-28,84762000
96,54271941;-0,57032990;-27,47886000
96,58367941;-0,55195780;-29,30235000
96,62463941;-0,51515250;-27,93512000
96,66559941;-0,49678030;-26,56789000
96,70655941;-0,45997500;-27,47886000
96,74751941;-0,44154180;-27,47886000
96,78847941;-0,40479750;-27,93512000
96,82943941;-0,36799220;-27,02414000
96,87039941;-0,34955900;-27,47886000
96,91135941;-0,33118690;-27,47886000
96,95231941;-0,29438150;-26,56789000
96,99327941;-0,27600940;-28,39137000
97,03423941;-0,25757620;-25,19913000
97,07519941;-0,22083190;-28,39137000
97,11615941;-0,18402660;-24,74441000
97,15711941;-0,16565450;-26,56789000
97,19807941;-0,12884910;-26,56789000
97,23903941;-0,11041600;-28,39137000
97,27999941;-0,07367168;-27,02414000
97,32095941;-0,03686636;-26,56789000
97,36191941;-0,01843318;-27,47886000
97,40287941;0,01831111;-25,65539000
97,44383941;0,03674429;-28,84762000
97,48479941;0,07354961;-26,56789000
97,52575941;0,11029390;-27,47886000
97,56671941;0,12872710;-28,39137000
97,60767941;0,16547140;-27,47886000
97,64863941;0,18384350;-29,30235000
97,68959941;0,22064880;-28,39137000
97,73055941;0,25739310;-27,47886000
97,77151941;0,29419840;-26,56789000
97,81247941;0,33100380;-27,47886000
97,85343941;0,33100380;-27,02414000
97,89439941;0,36780910;-25,65539000
97,93535940;0,40461440;-26,11164000
97,97631940;0,44135870;-28,39137000
98,01727940;0,44135870;-25,19913000
98,05823940;0,47816400;-26,56789000
98,09919940;0,49659720;-26,56789000
98,14015940;0,51496930;-29,75860000
98,18111940;0,53334150;-26,11164000
98,22207940;0,53334150;-26,11164000
98,26303940;0,53334150;-24,28815000
98,30399940;0,55177460;-24,28815000
98,34495940;0,57014680;-22,46467000
98,38591940;0,57014680;-20,64119000
98,42687940;0,58851890;-20,18494000
98,46783940;0,58851890;-19,27396000
98,50879940;0,58851890;-20,18494000
98,54975940;0,58851890;-15,17075000
98,59071940;0,60695210;-14,71450000
98,63167940;0,58851890;-10,15503000
98,67263940;0,60695210;-9,24405700
98,71359940;0,60695210;-7,42057500
98,75455940;0,60695210;-4,22833900
98,79551940;0,60695210;-1,95013300
98,83647940;0,62532420;1,24057700
98,87743940;0,62532420;1,24057700
98,91839940;0,62532420;5,34379100
98,95935940;0,62532420;8,07825000
99,00031940;0,62532420;9,90173100
99,04127940;0,62532420;13,55022000
99,08223940;0,64375750;18,10816000
99,12319940;0,62532420;18,10816000
99,16415940;0,64375750;23,12387000
99,20511940;0,64375750;24,49110000
99,24607940;0,66212960;28,13807000
99,28703940;0,66212960;30,41780000
99,32799940;0,66212960;31,32878000
99,36895940;0,66212960;37,25547000
99,40991940;0,66212960;39,07895000
99,45087940;0,66212960;40,90396000
99,49183940;0,66212960;43,63842000
99,53279940;0,68050170;45,46190000
99,57375939;0,66212960;49,10886000
99,61471939;0,68050170;∞
99,65567939;0,68050170;∞
99,69663939;0,68050170;∞
99,73759939;0,68050170;∞
99,77855939;0,68050170;∞
99,81951939;0,68050170;∞
99,86047939;0,68050170;∞
99,90143939;0,68050170;∞
99,94239939;0,68050170;∞
99,98335939;0,68050170;∞
100,02431939;0,68050170;∞
100,06527939;0,69893490;∞
100,10623939;0,68050170;∞
